<?xml version="1.0" encoding="UTF-8"?>
<CustomField xmlns="http://soap.sforce.com/2006/04/metadata">
    <fullName>Last_Name__c</fullName>
    <description>The last name of the contact</description>
    <externalId>false</externalId>
    <inlineHelpText>Enter the last name of the contact</inlineHelpText>
    <label>Last Name</label>
    <length>255</length>
    <required>false</required>
    <trackFeedHistory>false</trackFeedHistory>
    <type>Text</type>
    <unique>false</unique>
</CustomField>
