<?xml version="1.0" encoding="UTF-8"?>
<CustomField xmlns="http://soap.sforce.com/2006/04/metadata">
    <fullName>Service_Provider_Type__c</fullName>
    <description>The type of service provider</description>
    <externalId>false</externalId>
    <inlineHelpText>Select the type of service provider</inlineHelpText>
    <label>Service Provider Type</label>
    <required>false</required>
    <trackFeedHistory>false</trackFeedHistory>
    <type>Picklist</type>
    <valueSet>
        <restricted>true</restricted>
        <valueSetDefinition>
            <sorted>false</sorted>
            <value>
                <fullName>Accounting</fullName>
                <default>false</default>
                <label>Accounting</label>
            </value>
            <value>
                <fullName>Architect</fullName>
                <default>false</default>
                <label>Architect</label>
            </value>
            <value>
                <fullName>Art Consultant</fullName>
                <default>false</default>
                <label>Art Consultant</label>
            </value>
            <value>
                <fullName>Automobile Logistics</fullName>
                <default>false</default>
                <label>Automobile Logistics</label>
            </value>
            <value>
                <fullName>AV Consultant</fullName>
                <default>false</default>
                <label>AV Consultant</label>
            </value>
            <value>
                <fullName>Aviation</fullName>
                <default>false</default>
                <label>Aviation</label>
            </value>
            <value>
                <fullName>Background Check</fullName>
                <default>false</default>
                <label>Background Check</label>
            </value>
            <value>
                <fullName>Bank</fullName>
                <default>false</default>
                <label>Bank</label>
            </value>
            <value>
                <fullName>Cybersecurity</fullName>
                <default>false</default>
                <label>Cybersecurity</label>
            </value>
            <value>
                <fullName>Executive Protection</fullName>
                <default>false</default>
                <label>Executive Protection</label>
            </value>
            <value>
                <fullName>FBO</fullName>
                <default>false</default>
                <label>FBO</label>
            </value>
            <value>
                <fullName>FO Advisory</fullName>
                <default>false</default>
                <label>FO Advisory</label>
            </value>
            <value>
                <fullName>Foundation Support</fullName>
                <default>false</default>
                <label>Foundation Support</label>
            </value>
            <value>
                <fullName>Hotel</fullName>
                <default>false</default>
                <label>Hotel</label>
            </value>
            <value>
                <fullName>Intelligence</fullName>
                <default>false</default>
                <label>Intelligence</label>
            </value>
            <value>
                <fullName>Interior Design</fullName>
                <default>false</default>
                <label>Interior Design</label>
            </value>
            <value>
                <fullName>IT Network Consultant</fullName>
                <default>false</default>
                <label>IT Network Consultant</label>
            </value>
            <value>
                <fullName>Landscape Services</fullName>
                <default>false</default>
                <label>Landscape Services</label>
            </value>
            <value>
                <fullName>Law Firm</fullName>
                <default>false</default>
                <label>Law Firm</label>
            </value>
            <value>
                <fullName>Lifestyle Concierge</fullName>
                <default>false</default>
                <label>Lifestyle Concierge</label>
            </value>
            <value>
                <fullName>Maritime</fullName>
                <default>false</default>
                <label>Maritime</label>
            </value>
            <value>
                <fullName>Medical</fullName>
                <default>false</default>
                <label>Medical</label>
            </value>
            <value>
                <fullName>Money Manager – MFO</fullName>
                <default>false</default>
                <label>Money Manager – MFO</label>
            </value>
            <value>
                <fullName>Money Manager – RIA</fullName>
                <default>false</default>
                <label>Money Manager – RIA</label>
            </value>
            <value>
                <fullName>Philanthropic Advisor</fullName>
                <default>false</default>
                <label>Philanthropic Advisor</label>
            </value>
            <value>
                <fullName>RE Agent</fullName>
                <default>false</default>
                <label>RE Agent</label>
            </value>
            <value>
                <fullName>RE Owners Rep</fullName>
                <default>false</default>
                <label>RE Owners Rep</label>
            </value>
            <value>
                <fullName>Reputation Management</fullName>
                <default>false</default>
                <label>Reputation Management</label>
            </value>
            <value>
                <fullName>Residential Security</fullName>
                <default>false</default>
                <label>Residential Security</label>
            </value>
            <value>
                <fullName>Staffing</fullName>
                <default>false</default>
                <label>Staffing</label>
            </value>
            <value>
                <fullName>Travel Agency</fullName>
                <default>false</default>
                <label>Travel Agency</label>
            </value>
            <value>
                <fullName>UHNW Events</fullName>
                <default>false</default>
                <label>UHNW Events</label>
            </value>
            <value>
                <fullName>Communication</fullName>
                <default>false</default>
                <label>Communication</label>
            </value>
            <value>
                <fullName>Software</fullName>
                <default>false</default>
                <label>Software</label>
            </value>
        </valueSetDefinition>
    </valueSet>
</CustomField>
