<?xml version="1.0" encoding="UTF-8"?>
<CustomField xmlns="http://soap.sforce.com/2006/04/metadata">
    <fullName>Vetted_by_PAS__c</fullName>
    <description>The vetting status by PAS</description>
    <externalId>false</externalId>
    <inlineHelpText>Select the vetting status by PAS</inlineHelpText>
    <label>Vetted by PAS</label>
    <required>false</required>
    <trackFeedHistory>false</trackFeedHistory>
    <type>Picklist</type>
    <valueSet>
        <restricted>true</restricted>
        <valueSetDefinition>
            <sorted>false</sorted>
            <value>
                <fullName>Yes</fullName>
                <default>false</default>
                <label>Yes</label>
            </value>
            <value>
                <fullName>No</fullName>
                <default>false</default>
                <label>No</label>
            </value>
            <value>
                <fullName>In-progress</fullName>
                <default>false</default>
                <label>In-progress</label>
            </value>
        </valueSetDefinition>
    </valueSet>
</CustomField>
