<?xml version="1.0" encoding="UTF-8"?>
<CustomField xmlns="http://soap.sforce.com/2006/04/metadata">
    <fullName>Vetted_by__c</fullName>
    <description>The person who vetted the vendor</description>
    <externalId>false</externalId>
    <inlineHelpText>Enter the name of the person who vetted the vendor</inlineHelpText>
    <label>Vetted by</label>
    <length>255</length>
    <required>false</required>
    <trackFeedHistory>false</trackFeedHistory>
    <type>Text</type>
    <unique>false</unique>
</CustomField>
