<?xml version="1.0" encoding="UTF-8"?>
<ValidationRule xmlns="http://soap.sforce.com/2006/04/metadata">
    <fullName>Account_Manager_for_Shortlisted_Candidat</fullName>
    <active>true</active>
    <errorConditionFormula>ISPICKVAL( Status__c ,&quot;Shortlisted&quot;)&amp;&amp; ISBLANK( Account_Manger__c )</errorConditionFormula>
    <errorDisplayField>Account_Manger__c</errorDisplayField>
    <errorMessage>Please add Account Manager before moving the Status to &apos;Shortlisted&apos;</errorMessage>
</ValidationRule>
