<?xml version="1.0" encoding="UTF-8"?>
<CustomField xmlns="http://soap.sforce.com/2006/04/metadata">
    <fullName>Account_Manger__c</fullName>
    <deleteConstraint>SetNull</deleteConstraint>
    <externalId>false</externalId>
    <label>Account Manager</label>
    <lookupFilter>
        <active>true</active>
        <filterItems>
            <field>User.Profile.Name</field>
            <operation>contains</operation>
            <value>Account Manager</value>
        </filterItems>
        <isOptional>false</isOptional>
    </lookupFilter>
    <referenceTo>User</referenceTo>
    <relationshipName>Applicants2</relationshipName>
    <required>false</required>
    <trackFeedHistory>true</trackFeedHistory>
    <trackHistory>false</trackHistory>
    <trackTrending>false</trackTrending>
    <type>Lookup</type>
</CustomField>
