<?xml version="1.0" encoding="UTF-8"?>
<CustomField xmlns="http://soap.sforce.com/2006/04/metadata">
    <fullName>Applicant_Source__c</fullName>
    <externalId>false</externalId>
    <label>Applicant Source</label>
    <required>false</required>
    <trackFeedHistory>false</trackFeedHistory>
    <trackHistory>false</trackHistory>
    <trackTrending>false</trackTrending>
    <type>Picklist</type>
    <valueSet>
        <restricted>true</restricted>
        <valueSetDefinition>
            <sorted>false</sorted>
            <value>
                <fullName>Job Board</fullName>
                <default>false</default>
                <label>Job Board</label>
            </value>
            <value>
                <fullName>Social Media</fullName>
                <default>false</default>
                <label>Social Media</label>
            </value>
            <value>
                <fullName>Employee Referral</fullName>
                <default>false</default>
                <label>Employee Referral</label>
            </value>
            <value>
                <fullName>Networking Event</fullName>
                <default>false</default>
                <label>Networking Event</label>
            </value>
            <value>
                <fullName>Recruitment Agency</fullName>
                <default>false</default>
                <label>Recruitment Agency</label>
            </value>
            <value>
                <fullName>Direct Application</fullName>
                <default>false</default>
                <label>Direct Application</label>
            </value>
            <value>
                <fullName>Campus Recruitment</fullName>
                <default>false</default>
                <label>Campus Recruitment</label>
            </value>
            <value>
                <fullName>Internal Database</fullName>
                <default>false</default>
                <label>Internal Database</label>
            </value>
            <value>
                <fullName>Others</fullName>
                <default>false</default>
                <label>Others</label>
            </value>
        </valueSetDefinition>
    </valueSet>
</CustomField>
