<?xml version="1.0" encoding="UTF-8"?>
<CustomField xmlns="http://soap.sforce.com/2006/04/metadata">
    <fullName>Candidate_Converted_Date__c</fullName>
    <description>Date Captured when the Applicant is Converted as a Candidate</description>
    <externalId>false</externalId>
    <inlineHelpText>Date Captured when the Applicant is Converted as a Candidate</inlineHelpText>
    <label>Candidate Converted On</label>
    <required>false</required>
    <trackFeedHistory>false</trackFeedHistory>
    <trackHistory>false</trackHistory>
    <trackTrending>false</trackTrending>
    <type>Date</type>
</CustomField>
