<?xml version="1.0" encoding="UTF-8"?>
<CustomField xmlns="http://soap.sforce.com/2006/04/metadata">
    <fullName>Capture_Date__c</fullName>
    <description>This date field captures the date since the stage is last changed</description>
    <externalId>false</externalId>
    <inlineHelpText>Indicates when the Stage is changed lastly</inlineHelpText>
    <label>Stage Last Changed On</label>
    <required>false</required>
    <trackFeedHistory>false</trackFeedHistory>
    <trackHistory>false</trackHistory>
    <trackTrending>false</trackTrending>
    <type>Date</type>
</CustomField>
