<?xml version="1.0" encoding="UTF-8"?>
<CustomField xmlns="http://soap.sforce.com/2006/04/metadata">
    <fullName>Date_Applied__c</fullName>
    <description>The date the applicant applied</description>
    <externalId>false</externalId>
    <inlineHelpText>Enter the date the applicant applied for the job</inlineHelpText>
    <label>Date Applied</label>
    <required>true</required>
    <trackFeedHistory>false</trackFeedHistory>
    <trackHistory>true</trackHistory>
    <trackTrending>false</trackTrending>
    <type>Date</type>
</CustomField>
