<?xml version="1.0" encoding="UTF-8"?>
<CustomField xmlns="http://soap.sforce.com/2006/04/metadata">
    <fullName>Desired_Salary__c</fullName>
    <description>The applicant&apos;s desired salary</description>
    <externalId>false</externalId>
    <inlineHelpText>Enter the applicant&apos;s desired salary</inlineHelpText>
    <label>Desired Salary</label>
    <precision>18</precision>
    <required>false</required>
    <scale>2</scale>
    <trackFeedHistory>false</trackFeedHistory>
    <trackHistory>false</trackHistory>
    <trackTrending>false</trackTrending>
    <type>Currency</type>
</CustomField>
