<?xml version="1.0" encoding="UTF-8"?>
<CustomField xmlns="http://soap.sforce.com/2006/04/metadata">
    <fullName>Desired_Position__c</fullName>
    <description>The position the applicant is applying for</description>
    <externalId>false</externalId>
    <inlineHelpText>Enter the position the applicant is applying for</inlineHelpText>
    <label>Desired Position</label>
    <length>255</length>
    <required>true</required>
    <trackFeedHistory>false</trackFeedHistory>
    <trackHistory>false</trackHistory>
    <trackTrending>false</trackTrending>
    <type>Text</type>
    <unique>false</unique>
</CustomField>
