<?xml version="1.0" encoding="UTF-8"?>
<CustomField xmlns="http://soap.sforce.com/2006/04/metadata">
    <fullName>Email__c</fullName>
    <description>The applicant&apos;s email address</description>
    <externalId>true</externalId>
    <inlineHelpText>Enter the applicant&apos;s email address</inlineHelpText>
    <label>Email</label>
    <required>true</required>
    <trackFeedHistory>false</trackFeedHistory>
    <trackHistory>false</trackHistory>
    <trackTrending>false</trackTrending>
    <type>Email</type>
    <unique>false</unique>
</CustomField>
