<?xml version="1.0" encoding="UTF-8"?>
<CustomField xmlns="http://soap.sforce.com/2006/04/metadata">
    <fullName>Experience__c</fullName>
    <description>The candidate&apos;s years of experience</description>
    <externalId>false</externalId>
    <inlineHelpText>Enter the candidate&apos;s years of experience</inlineHelpText>
    <label>Experience</label>
    <precision>3</precision>
    <required>false</required>
    <scale>1</scale>
    <trackFeedHistory>false</trackFeedHistory>
    <trackHistory>false</trackHistory>
    <trackTrending>false</trackTrending>
    <type>Number</type>
    <unique>false</unique>
</CustomField>
