<?xml version="1.0" encoding="UTF-8"?>
<CustomField xmlns="http://soap.sforce.com/2006/04/metadata">
    <fullName>First_Name__c</fullName>
    <description>The applicant&apos;s first name</description>
    <externalId>false</externalId>
    <inlineHelpText>Enter the applicant&apos;s first name</inlineHelpText>
    <label>First Name</label>
    <length>255</length>
    <required>true</required>
    <trackFeedHistory>false</trackFeedHistory>
    <trackHistory>false</trackHistory>
    <trackTrending>false</trackTrending>
    <type>Text</type>
    <unique>false</unique>
</CustomField>
