<?xml version="1.0" encoding="UTF-8"?>
<CustomField xmlns="http://soap.sforce.com/2006/04/metadata">
    <fullName>HM_Email__c</fullName>
    <businessStatus>Active</businessStatus>
    <externalId>false</externalId>
    <inlineHelpText>Enter the Hiring Manager&apos;s email</inlineHelpText>
    <label>HM-Email</label>
    <required>false</required>
    <trackFeedHistory>true</trackFeedHistory>
    <trackHistory>false</trackHistory>
    <trackTrending>false</trackTrending>
    <type>Email</type>
    <unique>false</unique>
</CustomField>
