<?xml version="1.0" encoding="UTF-8"?>
<CustomField xmlns="http://soap.sforce.com/2006/04/metadata">
    <fullName>Interview_Score__c</fullName>
    <description>The score the applicant received in the interview</description>
    <externalId>false</externalId>
    <inlineHelpText>Enter the score the applicant received in the interview</inlineHelpText>
    <label>Interview Score</label>
    <precision>18</precision>
    <required>false</required>
    <scale>0</scale>
    <trackFeedHistory>true</trackFeedHistory>
    <trackHistory>false</trackHistory>
    <trackTrending>false</trackTrending>
    <type>Number</type>
    <unique>false</unique>
</CustomField>
