<?xml version="1.0" encoding="UTF-8"?>
<CustomField xmlns="http://soap.sforce.com/2006/04/metadata">
    <fullName>Interview_Date__c</fullName>
    <description>The date of the applicant&apos;s interview</description>
    <externalId>false</externalId>
    <inlineHelpText>Enter the date of the applicant&apos;s interview</inlineHelpText>
    <label>Interview Date</label>
    <required>false</required>
    <trackFeedHistory>true</trackFeedHistory>
    <trackHistory>false</trackHistory>
    <trackTrending>false</trackTrending>
    <type>Date</type>
</CustomField>
