<?xml version="1.0" encoding="UTF-8"?>
<CustomField xmlns="http://soap.sforce.com/2006/04/metadata">
    <fullName>Job_Order__c</fullName>
    <deleteConstraint>SetNull</deleteConstraint>
    <externalId>false</externalId>
    <inlineHelpText>Applicant&apos;s Related Job Order</inlineHelpText>
    <label>Job Order</label>
    <referenceTo>Job_Order__c</referenceTo>
    <relationshipLabel>Candidates</relationshipLabel>
    <relationshipName>Applicants</relationshipName>
    <required>false</required>
    <trackFeedHistory>true</trackFeedHistory>
    <trackHistory>true</trackHistory>
    <trackTrending>false</trackTrending>
    <type>Lookup</type>
</CustomField>
