<?xml version="1.0" encoding="UTF-8"?>
<CustomField xmlns="http://soap.sforce.com/2006/04/metadata">
    <fullName>LinkedIn_Profile__c</fullName>
    <description>The URL to the applicant&apos;s LinkedIn profile</description>
    <externalId>false</externalId>
    <inlineHelpText>Enter the URL to the applicant&apos;s LinkedIn profile</inlineHelpText>
    <label>LinkedIn Profile</label>
    <required>false</required>
    <trackFeedHistory>false</trackFeedHistory>
    <trackHistory>false</trackHistory>
    <trackTrending>false</trackTrending>
    <type>Url</type>
</CustomField>
