<?xml version="1.0" encoding="UTF-8"?>
<CustomField xmlns="http://soap.sforce.com/2006/04/metadata">
    <fullName>No_Activity_Checkbox__c</fullName>
    <externalId>false</externalId>
    <formula>IF(
    AND(
        Capture_Date__c&lt; (TODAY() - 7),
        OR(
            ISPICKVAL(Status__c, &quot;New&quot;),
                ISPICKVAL(Status__c, &quot;Interview Scheduled&quot;),
                ISPICKVAL(Status__c, &quot;Shortlisted&quot;)
        )
    ),
    true,
    false
)</formula>
    <formulaTreatBlanksAs>BlankAsZero</formulaTreatBlanksAs>
    <inlineHelpText>Automatically Checks &apos;True&apos; if the record hasn&apos;t been modified for 7 days</inlineHelpText>
    <label>No Activity (in Last 7 Days)</label>
    <trackHistory>false</trackHistory>
    <trackTrending>false</trackTrending>
    <type>Checkbox</type>
</CustomField>
