<?xml version="1.0" encoding="UTF-8"?>
<CustomField xmlns="http://soap.sforce.com/2006/04/metadata">
    <fullName>Phone__c</fullName>
    <description>The applicant&apos;s phone number</description>
    <externalId>false</externalId>
    <inlineHelpText>Enter the applicant&apos;s phone number</inlineHelpText>
    <label>Phone</label>
    <required>false</required>
    <trackFeedHistory>false</trackFeedHistory>
    <trackHistory>false</trackHistory>
    <trackTrending>false</trackTrending>
    <type>Phone</type>
</CustomField>
