<?xml version="1.0" encoding="UTF-8"?>
<CustomField xmlns="http://soap.sforce.com/2006/04/metadata">
    <fullName>Resume__c</fullName>
    <description>The applicant&apos;s resume</description>
    <externalId>false</externalId>
    <inlineHelpText>Attach the applicant&apos;s resume in rich text format</inlineHelpText>
    <label>Resume</label>
    <length>32768</length>
    <trackFeedHistory>false</trackFeedHistory>
    <trackHistory>false</trackHistory>
    <trackTrending>false</trackTrending>
    <type>Html</type>
    <visibleLines>25</visibleLines>
</CustomField>
