<?xml version="1.0" encoding="UTF-8"?>
<CustomField xmlns="http://soap.sforce.com/2006/04/metadata">
    <fullName>Skills__c</fullName>
    <description>The candidate&apos;s relevant skills</description>
    <externalId>false</externalId>
    <inlineHelpText>Enter the candidate&apos;s relevant skills</inlineHelpText>
    <label>Skills</label>
    <length>32768</length>
    <trackFeedHistory>false</trackFeedHistory>
    <trackHistory>true</trackHistory>
    <trackTrending>false</trackTrending>
    <type>LongTextArea</type>
    <visibleLines>3</visibleLines>
</CustomField>
