<?xml version="1.0" encoding="UTF-8"?>
<CustomField xmlns="http://soap.sforce.com/2006/04/metadata">
    <fullName>Status__c</fullName>
    <description>The current status of the applicant</description>
    <externalId>false</externalId>
    <inlineHelpText>Select the current status of the applicant</inlineHelpText>
    <label>Status</label>
    <required>false</required>
    <trackFeedHistory>false</trackFeedHistory>
    <trackHistory>true</trackHistory>
    <trackTrending>false</trackTrending>
    <type>Picklist</type>
    <valueSet>
        <restricted>true</restricted>
        <valueSetDefinition>
            <sorted>false</sorted>
            <value>
                <fullName>New</fullName>
                <default>false</default>
                <label>New</label>
            </value>
            <value>
                <fullName>In Review</fullName>
                <default>false</default>
                <label>In Review</label>
            </value>
            <value>
                <fullName>Screening Scheduled</fullName>
                <default>false</default>
                <label>Screening Scheduled</label>
            </value>
            <value>
                <fullName>Interview Scheduled</fullName>
                <default>false</default>
                <label>Interview Scheduled</label>
            </value>
            <value>
                <fullName>Screening</fullName>
                <default>false</default>
                <label>Screening</label>
            </value>
            <value>
                <fullName>Activated</fullName>
                <default>false</default>
                <label>Activated</label>
            </value>
            <value>
                <fullName>Rejected</fullName>
                <default>false</default>
                <label>Rejected</label>
            </value>
            <value>
                <fullName>Shortlisted</fullName>
                <default>false</default>
                <label>Shortlisted</label>
            </value>
            <value>
                <fullName>Placed</fullName>
                <default>false</default>
                <label>Placed</label>
            </value>
        </valueSetDefinition>
    </valueSet>
</CustomField>
