<?xml version="1.0" encoding="UTF-8"?>
<CustomField xmlns="http://soap.sforce.com/2006/04/metadata">
    <fullName>Type__c</fullName>
    <description>The type of the applicant (indicates the stage of the applicant</description>
    <externalId>false</externalId>
    <label>Type</label>
    <required>false</required>
    <trackFeedHistory>false</trackFeedHistory>
    <trackHistory>false</trackHistory>
    <trackTrending>false</trackTrending>
    <type>Picklist</type>
    <valueSet>
        <restricted>true</restricted>
        <valueSetDefinition>
            <sorted>false</sorted>
            <value>
                <fullName>Applicant</fullName>
                <default>true</default>
                <label>Applicant</label>
            </value>
            <value>
                <fullName>Candidate</fullName>
                <default>false</default>
                <label>Candidate</label>
            </value>
        </valueSetDefinition>
    </valueSet>
</CustomField>
