<?xml version="1.0" encoding="UTF-8"?>
<CustomField xmlns="http://soap.sforce.com/2006/04/metadata">
    <fullName>Workplace_Preference__c</fullName>
    <externalId>false</externalId>
    <label>Workplace Preference</label>
    <required>false</required>
    <trackFeedHistory>true</trackFeedHistory>
    <trackHistory>false</trackHistory>
    <trackTrending>false</trackTrending>
    <type>MultiselectPicklist</type>
    <valueSet>
        <restricted>true</restricted>
        <valueSetDefinition>
            <sorted>false</sorted>
            <value>
                <fullName>In-Office</fullName>
                <default>false</default>
                <label>In-Office</label>
            </value>
            <value>
                <fullName>Hybrid</fullName>
                <default>false</default>
                <label>Hybrid</label>
            </value>
            <value>
                <fullName>Remote</fullName>
                <default>false</default>
                <label>Remote</label>
            </value>
            <value>
                <fullName>Open to Relocate</fullName>
                <default>false</default>
                <label>Open to Relocate</label>
            </value>
        </valueSetDefinition>
    </valueSet>
    <visibleLines>3</visibleLines>
</CustomField>
