<?xml version="1.0" encoding="UTF-8"?>
<CustomField xmlns="http://soap.sforce.com/2006/04/metadata">
    <fullName>dfsle__GeneratedFileSuffix__c</fullName>
    <deprecated>false</deprecated>
    <externalId>false</externalId>
    <label>Generated File Suffix</label>
    <required>false</required>
    <trackHistory>false</trackHistory>
    <type>Picklist</type>
    <valueSet>
        <restricted>true</restricted>
        <valueSetDefinition>
            <sorted>false</sorted>
            <value>
                <fullName>name</fullName>
                <default>true</default>
                <label>name</label>
            </value>
            <value>
                <fullName>date</fullName>
                <default>false</default>
                <label>date</label>
            </value>
            <value>
                <fullName>name_date</fullName>
                <default>false</default>
                <label>name_date</label>
            </value>
        </valueSetDefinition>
    </valueSet>
</CustomField>
