<?xml version="1.0" encoding="UTF-8"?>
<CustomField xmlns="http://soap.sforce.com/2006/04/metadata">
    <fullName>dfsle__Rule__c</fullName>
    <deprecated>false</deprecated>
    <description>JSON mapping for storing Document Generation rule helpful in implementing Conditional Template
        generation.</description>
    <externalId>false</externalId>
    <label>Rule</label>
    <length>131072</length>
    <trackHistory>false</trackHistory>
    <type>LongTextArea</type>
    <visibleLines>3</visibleLines>
</CustomField>
