<?xml version="1.0" encoding="UTF-8"?>
<CustomField xmlns="http://soap.sforce.com/2006/04/metadata">
    <fullName>Assets_Under_Management__c</fullName>
    <description>The assets under management</description>
    <externalId>false</externalId>
    <inlineHelpText>Enter the assets under management</inlineHelpText>
    <label>Assets Under Management</label>
    <precision>18</precision>
    <required>false</required>
    <scale>0</scale>
    <trackFeedHistory>false</trackFeedHistory>
    <trackHistory>false</trackHistory>
    <trackTrending>false</trackTrending>
    <type>Currency</type>
</CustomField>
