<?xml version="1.0" encoding="UTF-8"?>
<CustomField xmlns="http://soap.sforce.com/2006/04/metadata">
    <fullName>Email__c</fullName>
    <description>The email address of the contact</description>
    <externalId>false</externalId>
    <inlineHelpText>Enter the email address of the contact</inlineHelpText>
    <label>Email</label>
    <required>false</required>
    <trackFeedHistory>false</trackFeedHistory>
    <trackHistory>false</trackHistory>
    <trackTrending>false</trackTrending>
    <type>Email</type>
    <unique>false</unique>
</CustomField>
