<?xml version="1.0" encoding="UTF-8"?>
<CustomField xmlns="http://soap.sforce.com/2006/04/metadata">
    <fullName>Entity_Name__c</fullName>
    <description>The name of the entity</description>
    <externalId>false</externalId>
    <inlineHelpText>Enter the name of the entity</inlineHelpText>
    <label>Entity Name</label>
    <length>255</length>
    <required>false</required>
    <trackFeedHistory>false</trackFeedHistory>
    <trackHistory>false</trackHistory>
    <trackTrending>false</trackTrending>
    <type>Text</type>
    <unique>false</unique>
</CustomField>
