<?xml version="1.0" encoding="UTF-8"?>
<CustomField xmlns="http://soap.sforce.com/2006/04/metadata">
    <fullName>Entity_Type__c</fullName>
    <description>The type of entity</description>
    <externalId>false</externalId>
    <inlineHelpText>Select the type of entity</inlineHelpText>
    <label>Entity Type</label>
    <required>false</required>
    <trackFeedHistory>true</trackFeedHistory>
    <trackHistory>false</trackHistory>
    <trackTrending>false</trackTrending>
    <type>Picklist</type>
    <valueSet>
        <restricted>true</restricted>
        <valueSetDefinition>
            <sorted>false</sorted>
            <value>
                <fullName>Family</fullName>
                <default>false</default>
                <label>Family</label>
            </value>
            <value>
                <fullName>Office</fullName>
                <default>false</default>
                <label>Office</label>
            </value>
            <value>
                <fullName>Foundation</fullName>
                <default>false</default>
                <label>Foundation</label>
            </value>
            <value>
                <fullName>Trust</fullName>
                <default>false</default>
                <label>Trust</label>
            </value>
            <value>
                <fullName>Others</fullName>
                <default>false</default>
                <label>Others</label>
            </value>
        </valueSetDefinition>
    </valueSet>
</CustomField>
