<?xml version="1.0" encoding="UTF-8"?>
<CustomField xmlns="http://soap.sforce.com/2006/04/metadata">
    <fullName>Contact_Role__c</fullName>
    <description>The role of the contact in the hiring process</description>
    <externalId>false</externalId>
    <inlineHelpText>Select the role of the contact in the hiring process</inlineHelpText>
    <label>Contact Role</label>
    <required>false</required>
    <trackFeedHistory>false</trackFeedHistory>
    <type>Picklist</type>
    <valueSet>
        <restricted>true</restricted>
        <valueSetDefinition>
            <sorted>false</sorted>
            <value>
                <fullName>C-Level</fullName>
                <default>false</default>
                <label>C-Level</label>
            </value>
            <value>
                <fullName>Hiring Manager</fullName>
                <default>false</default>
                <label>Hiring Manager</label>
            </value>
            <value>
                <fullName>HR</fullName>
                <default>false</default>
                <label>HR</label>
            </value>
            <value>
                <fullName>Other</fullName>
                <default>false</default>
                <label>Other</label>
            </value>
        </valueSetDefinition>
    </valueSet>
</CustomField>
