<?xml version="1.0" encoding="UTF-8"?>
<FlexiPage xmlns="http://soap.sforce.com/2006/04/metadata">
    <flexiPageRegions>
        <itemInstances>
            <componentInstance>
                <componentInstanceProperties>
                    <name>actionNames</name>
                    <valueList>
                        <valueListItems>
                            <value>Edit</value>
                        </valueListItems>
                        <valueListItems>
                            <value>Delete</value>
                        </valueListItems>
                    </valueList>
                </componentInstanceProperties>
                <componentInstanceProperties>
                    <name>collapsed</name>
                    <value>true</value>
                </componentInstanceProperties>
                <componentInstanceProperties>
                    <name>enableActionsConfiguration</name>
                    <value>true</value>
                </componentInstanceProperties>
                <componentInstanceProperties>
                    <name>enableActionsInNative</name>
                    <value>false</value>
                </componentInstanceProperties>
                <componentInstanceProperties>
                    <name>hideChatterActions</name>
                    <value>true</value>
                </componentInstanceProperties>
                <componentInstanceProperties>
                    <name>numVisibleActions</name>
                    <value>5</value>
                </componentInstanceProperties>
                <componentName>force:highlightsPanel</componentName>
                <identifier>force_highlightsPanel2</identifier>
            </componentInstance>
        </itemInstances>
        <name>header</name>
        <type>Region</type>
    </flexiPageRegions>
    <flexiPageRegions>
        <itemInstances>
            <componentInstance>
                <componentName>force:detailPanel</componentName>
                <identifier>force_detailPanel</identifier>
            </componentInstance>
        </itemInstances>
        <name>Facet-52bb4e82-0a09-4825-b82b-f4538e10492a</name>
        <type>Facet</type>
    </flexiPageRegions>
    <flexiPageRegions>
        <itemInstances>
            <componentInstance>
                <componentInstanceProperties>
                    <name>showLegacyActivityComposer</name>
                    <value>false</value>
                </componentInstanceProperties>
                <componentName>runtime_sales_activities:activityPanel</componentName>
                <identifier>runtime_sales_activities_activityPanel</identifier>
            </componentInstance>
        </itemInstances>
        <name>Facet-5c23ebba-6fde-4aa1-a68a-1d26885572b1</name>
        <type>Facet</type>
    </flexiPageRegions>
    <flexiPageRegions>
        <itemInstances>
            <componentInstance>
                <componentName>forceChatter:recordFeedContainer</componentName>
                <identifier>forceChatter_recordFeedContainer</identifier>
            </componentInstance>
        </itemInstances>
        <name>Facet-1a552fb8-4e69-4d76-9dba-1390ffbc024a</name>
        <type>Facet</type>
    </flexiPageRegions>
    <flexiPageRegions>
        <itemInstances>
            <componentInstance>
                <componentInstanceProperties>
                    <name>active</name>
                    <value>true</value>
                </componentInstanceProperties>
                <componentInstanceProperties>
                    <name>body</name>
                    <value>Facet-52bb4e82-0a09-4825-b82b-f4538e10492a</value>
                </componentInstanceProperties>
                <componentInstanceProperties>
                    <name>title</name>
                    <value>Standard.Tab.detail</value>
                </componentInstanceProperties>
                <componentName>flexipage:tab</componentName>
                <identifier>flexipage_tab2</identifier>
            </componentInstance>
        </itemInstances>
        <itemInstances>
            <componentInstance>
                <componentInstanceProperties>
                    <name>active</name>
                    <value>false</value>
                </componentInstanceProperties>
                <componentInstanceProperties>
                    <name>body</name>
                    <value>Facet-5c23ebba-6fde-4aa1-a68a-1d26885572b1</value>
                </componentInstanceProperties>
                <componentInstanceProperties>
                    <name>title</name>
                    <value>Standard.Tab.activity</value>
                </componentInstanceProperties>
                <componentName>flexipage:tab</componentName>
                <identifier>flexipage_tab</identifier>
            </componentInstance>
        </itemInstances>
        <itemInstances>
            <componentInstance>
                <componentInstanceProperties>
                    <name>body</name>
                    <value>Facet-1a552fb8-4e69-4d76-9dba-1390ffbc024a</value>
                </componentInstanceProperties>
                <componentInstanceProperties>
                    <name>title</name>
                    <value>Standard.Tab.collaborate</value>
                </componentInstanceProperties>
                <componentName>flexipage:tab</componentName>
                <identifier>flexipage_tab3</identifier>
            </componentInstance>
        </itemInstances>
        <name>Facet-c0026d0e-b04d-4ece-a1ff-0a3ad1c0aa12</name>
        <type>Facet</type>
    </flexiPageRegions>
    <flexiPageRegions>
        <itemInstances>
            <componentInstance>
                <componentInstanceProperties>
                    <name>tabs</name>
                    <value>Facet-c0026d0e-b04d-4ece-a1ff-0a3ad1c0aa12</value>
                </componentInstanceProperties>
                <componentName>flexipage:tabset</componentName>
                <identifier>flexipage_tabset</identifier>
            </componentInstance>
        </itemInstances>
        <name>main</name>
        <type>Region</type>
    </flexiPageRegions>
    <flexiPageRegions>
        <itemInstances>
            <componentInstance>
                <componentInstanceProperties>
                    <name>relatedListComponentOverride</name>
                    <value>NONE</value>
                </componentInstanceProperties>
                <componentInstanceProperties>
                    <name>rowsToDisplay</name>
                    <value>10</value>
                </componentInstanceProperties>
                <componentInstanceProperties>
                    <name>showActionBar</name>
                    <value>true</value>
                </componentInstanceProperties>
                <componentName>force:relatedListContainer</componentName>
                <identifier>force_relatedListContainer</identifier>
            </componentInstance>
        </itemInstances>
        <name>sidebar</name>
        <type>Region</type>
    </flexiPageRegions>
    <masterLabel>Account Record Page - Three Column</masterLabel>
    <sobjectType>Account</sobjectType>
    <template>
        <name>flexipage:recordHomeTemplateDesktop</name>
        <properties>
            <name>enablePageActionConfig</name>
            <value>false</value>
        </properties>
    </template>
    <type>RecordPage</type>
</FlexiPage>
