<?xml version="1.0" encoding="UTF-8"?>
<FlexiPage xmlns="http://soap.sforce.com/2006/04/metadata">
    <flexiPageRegions>
        <itemInstances>
            <componentInstance>
                <componentInstanceProperties>
                    <name>tabs</name>
                    <valueList>
                        <valueListItems>
                            <value>standard-Product2</value>
                        </valueListItems>
                        <valueListItems>
                            <value>standard-Pricebook2</value>
                        </valueListItems>
                        <valueListItems>
                            <value>standard-Quote</value>
                        </valueListItems>
                        <valueListItems>
                            <value>standard-Contract</value>
                        </valueListItems>
                        <valueListItems>
                            <value>standard-Order</value>
                        </valueListItems>
                        <valueListItems>
                            <value>standard-Forecasting3</value>
                        </valueListItems>
                    </valueList>
                </componentInstanceProperties>
                <componentInstanceProperties>
                    <name>title</name>
                    <value>ㅤ</value>
                </componentInstanceProperties>
                <componentName>runtime_mobilesapp:launchPadTileList</componentName>
                <identifier>runtime_mobilesapp_launchPadTileList</identifier>
            </componentInstance>
        </itemInstances>
        <name>Facet-2d888cab-1e3f-4d4c-beda-74a2da25db98</name>
        <type>Facet</type>
    </flexiPageRegions>
    <flexiPageRegions>
        <itemInstances>
            <componentInstance>
                <componentInstanceProperties>
                    <name>tabs</name>
                    <valueList>
                        <valueListItems>
                            <value>standard-Campaign</value>
                        </valueListItems>
                        <valueListItems>
                            <value>standard-ListEmail</value>
                        </valueListItems>
                        <valueListItems>
                            <value>standard-EmailTemplate</value>
                        </valueListItems>
                        <valueListItems>
                            <value>standard-EnhancedLetterhead</value>
                        </valueListItems>
                        <valueListItems>
                            <value>standard-LightningQuickText</value>
                        </valueListItems>
                    </valueList>
                </componentInstanceProperties>
                <componentInstanceProperties>
                    <name>title</name>
                    <value>ㅤ</value>
                </componentInstanceProperties>
                <componentName>runtime_mobilesapp:launchPadTileList</componentName>
                <identifier>runtime_mobilesapp_launchPadTileList2</identifier>
            </componentInstance>
        </itemInstances>
        <name>Facet-2fdc8467-821a-4054-8f13-ab4b25c036ce</name>
        <type>Facet</type>
    </flexiPageRegions>
    <flexiPageRegions>
        <itemInstances>
            <componentInstance>
                <componentInstanceProperties>
                    <name>tabs</name>
                    <valueList>
                        <valueListItems>
                            <value>standard-DuplicateRecordSet</value>
                        </valueListItems>
                        <valueListItems>
                            <value>standard-File</value>
                        </valueListItems>
                        <valueListItems>
                            <value>standard-DeleteEvent</value>
                        </valueListItems>
                    </valueList>
                </componentInstanceProperties>
                <componentInstanceProperties>
                    <name>title</name>
                    <value>ㅤ</value>
                </componentInstanceProperties>
                <componentName>runtime_mobilesapp:launchPadTileList</componentName>
                <identifier>runtime_mobilesapp_launchPadTileList3</identifier>
            </componentInstance>
        </itemInstances>
        <name>Facet-673478bc-547a-4afa-8f26-35701650c2e4</name>
        <type>Facet</type>
    </flexiPageRegions>
    <flexiPageRegions>
        <itemInstances>
            <componentInstance>
                <componentInstanceProperties>
                    <name>body</name>
                    <value>Facet-2d888cab-1e3f-4d4c-beda-74a2da25db98</value>
                </componentInstanceProperties>
                <componentInstanceProperties>
                    <name>label</name>
                    <value>Sales Operations</value>
                </componentInstanceProperties>
                <componentInstanceProperties>
                    <name>name</name>
                    <value>accordionSection1</value>
                </componentInstanceProperties>
                <componentName>flexipage:accordionSection</componentName>
                <identifier>flexipage_accordionSection</identifier>
            </componentInstance>
        </itemInstances>
        <itemInstances>
            <componentInstance>
                <componentInstanceProperties>
                    <name>body</name>
                    <value>Facet-2fdc8467-821a-4054-8f13-ab4b25c036ce</value>
                </componentInstanceProperties>
                <componentInstanceProperties>
                    <name>label</name>
                    <value>Email</value>
                </componentInstanceProperties>
                <componentInstanceProperties>
                    <name>name</name>
                    <value>accordionSection2</value>
                </componentInstanceProperties>
                <componentName>flexipage:accordionSection</componentName>
                <identifier>flexipage_accordionSection2</identifier>
            </componentInstance>
        </itemInstances>
        <itemInstances>
            <componentInstance>
                <componentInstanceProperties>
                    <name>body</name>
                    <value>Facet-673478bc-547a-4afa-8f26-35701650c2e4</value>
                </componentInstanceProperties>
                <componentInstanceProperties>
                    <name>label</name>
                    <value>Data</value>
                </componentInstanceProperties>
                <componentInstanceProperties>
                    <name>name</name>
                    <value>accordionSection--xfyt4wl9pai</value>
                </componentInstanceProperties>
                <componentName>flexipage:accordionSection</componentName>
                <identifier>flexipage_accordionSection3</identifier>
            </componentInstance>
        </itemInstances>
        <name>Facet-4502268d-367a-4cc2-84ed-4e12e4612743</name>
        <type>Facet</type>
    </flexiPageRegions>
    <flexiPageRegions>
        <itemInstances>
            <componentInstance>
                <componentInstanceProperties>
                    <name>decorate</name>
                    <value>true</value>
                </componentInstanceProperties>
                <componentInstanceProperties>
                    <name>richTextValue</name>
                    <value>&lt;p&gt;&lt;strong style=&quot;font-size: 18px;&quot;&gt;Connect with Your Customers&lt;/strong&gt;&lt;/p&gt;</value>
                </componentInstanceProperties>
                <componentName>flexipage:richText</componentName>
                <identifier>flexipage_richText</identifier>
            </componentInstance>
        </itemInstances>
        <itemInstances>
            <componentInstance>
                <componentInstanceProperties>
                    <name>cacheAge</name>
                    <value>1440</value>
                </componentInstanceProperties>
                <componentInstanceProperties>
                    <name>reportName</name>
                    <value>Sales_Person_Activity</value>
                </componentInstanceProperties>
                <componentInstanceProperties>
                    <name>showRefreshButton</name>
                    <value>false</value>
                </componentInstanceProperties>
                <componentName>flexipage:reportChart</componentName>
                <identifier>flexipage_reportChart</identifier>
            </componentInstance>
        </itemInstances>
        <itemInstances>
            <componentInstance>
                <componentName>runtime_sales_activities:todayTaskContainer</componentName>
                <identifier>runtime_sales_activities_todayTaskContainer</identifier>
            </componentInstance>
        </itemInstances>
        <itemInstances>
            <componentInstance>
                <componentName>home:eventContainer</componentName>
                <identifier>home_eventContainer</identifier>
            </componentInstance>
        </itemInstances>
        <itemInstances>
            <componentInstance>
                <componentInstanceProperties>
                    <name>decorate</name>
                    <value>true</value>
                </componentInstanceProperties>
                <componentInstanceProperties>
                    <name>richTextValue</name>
                    <value>&lt;p&gt;&lt;strong style=&quot;font-size: 18px;&quot;&gt;Manage Your Business &amp;amp; Data&lt;/strong&gt;&lt;/p&gt;</value>
                </componentInstanceProperties>
                <componentName>flexipage:richText</componentName>
                <identifier>flexipage_richText4</identifier>
            </componentInstance>
        </itemInstances>
        <itemInstances>
            <componentInstance>
                <componentInstanceProperties>
                    <name>accordionSections</name>
                    <value>Facet-4502268d-367a-4cc2-84ed-4e12e4612743</value>
                </componentInstanceProperties>
                <componentName>flexipage:accordion</componentName>
                <identifier>flexipage_accordion</identifier>
            </componentInstance>
        </itemInstances>
        <name>left</name>
        <type>Region</type>
    </flexiPageRegions>
    <flexiPageRegions>
        <itemInstances>
            <componentInstance>
                <componentInstanceProperties>
                    <name>decorate</name>
                    <value>true</value>
                </componentInstanceProperties>
                <componentInstanceProperties>
                    <name>richTextValue</name>
                    <value>&lt;p&gt;&lt;strong style=&quot;font-size: 18px;&quot;&gt;Manage &amp;amp; Close Deals&lt;/strong&gt;&lt;/p&gt;</value>
                </componentInstanceProperties>
                <componentName>flexipage:richText</componentName>
                <identifier>flexipage_richText2</identifier>
            </componentInstance>
        </itemInstances>
        <itemInstances>
            <componentInstance>
                <componentInstanceProperties>
                    <name>cacheAge</name>
                    <value>1440</value>
                </componentInstanceProperties>
                <componentInstanceProperties>
                    <name>label</name>
                    <value>Team Pipeline</value>
                </componentInstanceProperties>
                <componentInstanceProperties>
                    <name>reportName</name>
                    <value>Sales_Exec_Open_Pipeline</value>
                </componentInstanceProperties>
                <componentInstanceProperties>
                    <name>showRefreshButton</name>
                    <value>true</value>
                </componentInstanceProperties>
                <componentName>flexipage:reportChart</componentName>
                <identifier>flexipage_reportChart2</identifier>
            </componentInstance>
        </itemInstances>
        <itemInstances>
            <componentInstance>
                <componentInstanceProperties>
                    <name>enableInlineEdit</name>
                    <value>true</value>
                </componentInstanceProperties>
                <componentInstanceProperties>
                    <name>entityName</name>
                    <value>Opportunity</value>
                </componentInstanceProperties>
                <componentInstanceProperties>
                    <name>filterName</name>
                    <value>MyOpportunities</value>
                </componentInstanceProperties>
                <componentInstanceProperties>
                    <name>hideActionBar</name>
                    <value>false</value>
                </componentInstanceProperties>
                <componentInstanceProperties>
                    <name>hideSearchBar</name>
                    <value>false</value>
                </componentInstanceProperties>
                <componentInstanceProperties>
                    <name>pageSize</name>
                    <value>2</value>
                </componentInstanceProperties>
                <componentName>flexipage:filterListCard</componentName>
                <identifier>flexipage_filterListCard2</identifier>
            </componentInstance>
        </itemInstances>
        <itemInstances>
            <componentInstance>
                <componentInstanceProperties>
                    <name>entityNames</name>
                    <valueList>
                        <valueListItems>
                            <value>Opportunity</value>
                        </valueListItems>
                    </valueList>
                </componentInstanceProperties>
                <componentInstanceProperties>
                    <name>label</name>
                    <value>Recently-Viewed Opportunities</value>
                </componentInstanceProperties>
                <componentInstanceProperties>
                    <name>maxRecords</name>
                    <value>3</value>
                </componentInstanceProperties>
                <componentName>flexipage:recentItems</componentName>
                <identifier>flexipage_recentItems</identifier>
            </componentInstance>
        </itemInstances>
        <name>middle</name>
        <type>Region</type>
    </flexiPageRegions>
    <flexiPageRegions>
        <itemInstances>
            <componentInstance>
                <componentInstanceProperties>
                    <name>decorate</name>
                    <value>true</value>
                </componentInstanceProperties>
                <componentInstanceProperties>
                    <name>richTextValue</name>
                    <value>&lt;p&gt;&lt;strong style=&quot;font-size: 18px;&quot;&gt;Build Your Pipeline&lt;/strong&gt;&lt;/p&gt;</value>
                </componentInstanceProperties>
                <componentName>flexipage:richText</componentName>
                <identifier>flexipage_richText3</identifier>
            </componentInstance>
        </itemInstances>
        <itemInstances>
            <componentInstance>
                <componentInstanceProperties>
                    <name>cacheAge</name>
                    <value>1440</value>
                </componentInstanceProperties>
                <componentInstanceProperties>
                    <name>label</name>
                    <value>Leads by Source</value>
                </componentInstanceProperties>
                <componentInstanceProperties>
                    <name>reportName</name>
                    <value>LeadsbySource</value>
                </componentInstanceProperties>
                <componentInstanceProperties>
                    <name>showRefreshButton</name>
                    <value>true</value>
                </componentInstanceProperties>
                <componentName>flexipage:reportChart</componentName>
                <identifier>flexipage_reportChart3</identifier>
            </componentInstance>
        </itemInstances>
        <itemInstances>
            <componentInstance>
                <componentInstanceProperties>
                    <name>enableInlineEdit</name>
                    <value>true</value>
                </componentInstanceProperties>
                <componentInstanceProperties>
                    <name>entityName</name>
                    <value>Lead</value>
                </componentInstanceProperties>
                <componentInstanceProperties>
                    <name>filterName</name>
                    <value>My_Leads</value>
                </componentInstanceProperties>
                <componentInstanceProperties>
                    <name>hideActionBar</name>
                    <value>false</value>
                </componentInstanceProperties>
                <componentInstanceProperties>
                    <name>hideSearchBar</name>
                    <value>false</value>
                </componentInstanceProperties>
                <componentInstanceProperties>
                    <name>pageSize</name>
                    <value>2</value>
                </componentInstanceProperties>
                <componentName>flexipage:filterListCard</componentName>
                <identifier>flexipage_filterListCard</identifier>
            </componentInstance>
        </itemInstances>
        <itemInstances>
            <componentInstance>
                <componentInstanceProperties>
                    <name>entityNames</name>
                    <valueList>
                        <valueListItems>
                            <value>Lead</value>
                        </valueListItems>
                    </valueList>
                </componentInstanceProperties>
                <componentInstanceProperties>
                    <name>label</name>
                    <value>Recently-Viewed Leads</value>
                </componentInstanceProperties>
                <componentInstanceProperties>
                    <name>maxRecords</name>
                    <value>3</value>
                </componentInstanceProperties>
                <componentName>flexipage:recentItems</componentName>
                <identifier>flexipage_recentItems2</identifier>
            </componentInstance>
        </itemInstances>
        <name>right</name>
        <type>Region</type>
    </flexiPageRegions>
    <flexiPageRegions>
        <name>top</name>
        <type>Region</type>
    </flexiPageRegions>
    <masterLabel>Getting Started Home</masterLabel>
    <template>
        <name>home:desktopTemplateHeaderThreeColumns</name>
    </template>
    <type>HomePage</type>
</FlexiPage>
