<?xml version="1.0" encoding="UTF-8"?>
<CustomObject xmlns="http://soap.sforce.com/2006/04/metadata">
    <actionOverrides>
        <actionName>CancelEdit</actionName>
        <type>Default</type>
    </actionOverrides>
    <actionOverrides>
        <actionName>CancelEdit</actionName>
        <formFactor>Large</formFactor>
        <type>Default</type>
    </actionOverrides>
    <actionOverrides>
        <actionName>CancelEdit</actionName>
        <formFactor>Small</formFactor>
        <type>Default</type>
    </actionOverrides>
    <actionOverrides>
        <actionName>SaveEdit</actionName>
        <type>Default</type>
    </actionOverrides>
    <actionOverrides>
        <actionName>SaveEdit</actionName>
        <formFactor>Large</formFactor>
        <type>Default</type>
    </actionOverrides>
    <actionOverrides>
        <actionName>SaveEdit</actionName>
        <formFactor>Small</formFactor>
        <type>Default</type>
    </actionOverrides>
    <compactLayoutAssignment>SYSTEM</compactLayoutAssignment>
    <enableFeeds>false</enableFeeds>
    <searchLayouts>
        <searchResultsAdditionalFields>VERSION.TITLE</searchResultsAdditionalFields>
        <searchResultsAdditionalFields>VERSION.CONTENT_SIZE</searchResultsAdditionalFields>
        <searchResultsAdditionalFields>VERSION.FILE_EXTENSION</searchResultsAdditionalFields>
        <searchResultsAdditionalFields>VERSION.LAST_UPDATE</searchResultsAdditionalFields>
        <searchResultsAdditionalFields>VERSION.OWNER</searchResultsAdditionalFields>
    </searchLayouts>
</CustomObject>
