<?xml version="1.0" encoding="UTF-8"?>
<CustomApplication xmlns="http://soap.sforce.com/2006/04/metadata">
    <brand>
        <headerColor>#0070D2</headerColor>
        <logo>Lead_generation</logo>
        <logoVersion>1</logoVersion>
        <shouldOverrideOrgTheme>false</shouldOverrideOrgTheme>
    </brand>
    <description>Generate leads faster, and qualify and nurture prospects using best practices.</description>
    <formFactors>Large</formFactors>
    <isNavAutoTempTabsDisabled>false</isNavAutoTempTabsDisabled>
    <isNavPersonalizationDisabled>false</isNavPersonalizationDisabled>
    <isNavTabPersistenceDisabled>false</isNavTabPersistenceDisabled>
    <label>Lead Generation</label>
    <navType>Standard</navType>
    <tabs>standard-home</tabs>
    <tabs>standard-Account</tabs>
    <tabs>standard-Contact</tabs>
    <tabs>standard-Lead</tabs>
    <tabs>standard-Campaign</tabs>
    <tabs>standard-CollaborationGroup</tabs>
    <uiType>Lightning</uiType>
    <utilityBar>Lead_Generation_UtilityBar</utilityBar>
</CustomApplication>
