<?xml version="1.0" encoding="UTF-8"?>
<CustomApplication xmlns="http://soap.sforce.com/2006/04/metadata">
    <brand>
        <headerColor>#0070D2</headerColor>
        <logo>relationship_management</logo>
        <logoVersion>1</logoVersion>
        <shouldOverrideOrgTheme>false</shouldOverrideOrgTheme>
    </brand>
    <description>Build stronger customer relationships, manage renewals, and stay organized.</description>
    <formFactors>Large</formFactors>
    <isNavAutoTempTabsDisabled>false</isNavAutoTempTabsDisabled>
    <isNavPersonalizationDisabled>false</isNavPersonalizationDisabled>
    <isNavTabPersistenceDisabled>false</isNavTabPersistenceDisabled>
    <label>Relationship Management</label>
    <navType>Standard</navType>
    <tabs>standard-home</tabs>
    <tabs>standard-Account</tabs>
    <tabs>standard-Contact</tabs>
    <tabs>standard-Contract</tabs>
    <tabs>standard-Event</tabs>
    <tabs>standard-CollaborationGroup</tabs>
    <tabs>standard-ContentNote</tabs>
    <tabs>standard-Task</tabs>
    <uiType>Lightning</uiType>
    <utilityBar>Relationship_Management_UtilityBar</utilityBar>
</CustomApplication>
