<?xml version="1.0" encoding="UTF-8"?>
<CustomApplication xmlns="http://soap.sforce.com/2006/04/metadata">
    <actionOverrides>
        <actionName>View</actionName>
        <comment>Action override updated by Lightning App Builder during activation.</comment>
        <content>Account_Record_Page_Three_Column</content>
        <formFactor>Large</formFactor>
        <skipRecordTypeSelect>false</skipRecordTypeSelect>
        <type>Flexipage</type>
        <pageOrSobjectType>Account</pageOrSobjectType>
    </actionOverrides>
    <actionOverrides>
        <actionName>View</actionName>
        <comment>Action override updated by Lightning App Builder during activation.</comment>
        <content>Contact_Record_Page_Three_Column</content>
        <formFactor>Large</formFactor>
        <skipRecordTypeSelect>false</skipRecordTypeSelect>
        <type>Flexipage</type>
        <pageOrSobjectType>Contact</pageOrSobjectType>
    </actionOverrides>
    <actionOverrides>
        <actionName>View</actionName>
        <comment>Action override updated by Lightning App Builder during activation.</comment>
        <content>Opportunity_Record_Page_Three_Column</content>
        <formFactor>Large</formFactor>
        <skipRecordTypeSelect>false</skipRecordTypeSelect>
        <type>Flexipage</type>
        <pageOrSobjectType>Opportunity</pageOrSobjectType>
    </actionOverrides>
    <actionOverrides>
        <actionName>View</actionName>
        <comment>Action override updated by Lightning App Builder during activation.</comment>
        <content>Lead_Record_Page_Three_Column</content>
        <formFactor>Large</formFactor>
        <skipRecordTypeSelect>false</skipRecordTypeSelect>
        <type>Flexipage</type>
        <pageOrSobjectType>Lead</pageOrSobjectType>
    </actionOverrides>
    <brand>
        <headerColor>#0070D2</headerColor>
        <logo>X60491ec3d63df0397a97be8a_PASLOGO2p51</logo>
        <logoVersion>1</logoVersion>
        <shouldOverrideOrgTheme>false</shouldOverrideOrgTheme>
    </brand>
    <description>(Lightning Experience) Lets sales reps work with multiple records on one screen</description>
    <formFactors>Small</formFactors>
    <formFactors>Large</formFactors>
    <isNavAutoTempTabsDisabled>false</isNavAutoTempTabsDisabled>
    <isNavPersonalizationDisabled>true</isNavPersonalizationDisabled>
    <isNavTabPersistenceDisabled>false</isNavTabPersistenceDisabled>
    <label>PAS Sales Console</label>
    <navType>Console</navType>
    <setupExperience>all</setupExperience>
    <tabs>standard-home</tabs>
    <tabs>standard-Feed</tabs>
    <tabs>standard-Event</tabs>
    <tabs>standard-Task</tabs>
    <tabs>standard-report</tabs>
    <tabs>standard-Dashboard</tabs>
    <tabs>standard-Lead</tabs>
    <tabs>standard-Account</tabs>
    <tabs>FO_Engine__c</tabs>
    <tabs>standard-Contact</tabs>
    <tabs>Job_Order__c</tabs>
    <tabs>Skills__c</tabs>
    <tabs>Applicant__c</tabs>
    <tabs>Submission__c</tabs>
    <tabs>Screening__c</tabs>
    <tabs>Interview__c</tabs>
    <tabs>Interview_Feedback__c</tabs>
    <tabs>Offers__c</tabs>
    <tabs>Placement__c</tabs>
    <tabs>standard-ContentNote</tabs>
    <tabs>standard-Campaign</tabs>
    <tabs>standard-CollaborationGroup</tabs>
    <tabs>standard-File</tabs>
    <uiType>Lightning</uiType>
    <utilityBar>LightningSalesConsole_UtilityBar</utilityBar>
    <workspaceConfig>
        <mappings>
            <tab>Applicant__c</tab>
        </mappings>
        <mappings>
            <tab>FO_Engine__c</tab>
        </mappings>
        <mappings>
            <tab>Interview_Feedback__c</tab>
        </mappings>
        <mappings>
            <tab>Interview__c</tab>
        </mappings>
        <mappings>
            <tab>Job_Order__c</tab>
        </mappings>
        <mappings>
            <tab>Offers__c</tab>
        </mappings>
        <mappings>
            <tab>Placement__c</tab>
        </mappings>
        <mappings>
            <tab>Screening__c</tab>
        </mappings>
        <mappings>
            <tab>Skills__c</tab>
        </mappings>
        <mappings>
            <tab>Submission__c</tab>
        </mappings>
        <mappings>
            <tab>standard-Account</tab>
        </mappings>
        <mappings>
            <tab>standard-Campaign</tab>
        </mappings>
        <mappings>
            <tab>standard-CollaborationGroup</tab>
        </mappings>
        <mappings>
            <tab>standard-Contact</tab>
        </mappings>
        <mappings>
            <tab>standard-ContentNote</tab>
        </mappings>
        <mappings>
            <tab>standard-Dashboard</tab>
        </mappings>
        <mappings>
            <tab>standard-Event</tab>
        </mappings>
        <mappings>
            <tab>standard-Feed</tab>
        </mappings>
        <mappings>
            <tab>standard-File</tab>
        </mappings>
        <mappings>
            <tab>standard-Lead</tab>
        </mappings>
        <mappings>
            <tab>standard-Task</tab>
        </mappings>
        <mappings>
            <tab>standard-home</tab>
        </mappings>
        <mappings>
            <tab>standard-report</tab>
        </mappings>
    </workspaceConfig>
</CustomApplication>
