<?xml version="1.0" encoding="UTF-8"?>
<RecordType xmlns="http://soap.sforce.com/2006/04/metadata">
    <fullName>Client</fullName>
    <active>true</active>
    <label>Client</label>
    <picklistValues>
        <picklist>AccountSource</picklist>
        <values>
            <fullName>Advertisement</fullName>
            <default>false</default>
        </values>
        <values>
            <fullName>Customer Event</fullName>
            <default>false</default>
        </values>
        <values>
            <fullName>Employee Referral</fullName>
            <default>false</default>
        </values>
        <values>
            <fullName>External Referral</fullName>
            <default>false</default>
        </values>
        <values>
            <fullName>Google AdWords</fullName>
            <default>false</default>
        </values>
        <values>
            <fullName>Other</fullName>
            <default>false</default>
        </values>
        <values>
            <fullName>Partner</fullName>
            <default>false</default>
        </values>
        <values>
            <fullName>Purchased List</fullName>
            <default>false</default>
        </values>
        <values>
            <fullName>Trade Show</fullName>
            <default>false</default>
        </values>
        <values>
            <fullName>Webinar</fullName>
            <default>false</default>
        </values>
        <values>
            <fullName>Website</fullName>
            <default>false</default>
        </values>
    </picklistValues>
    <picklistValues>
        <picklist>Industry</picklist>
        <values>
            <fullName>Agriculture</fullName>
            <default>false</default>
        </values>
        <values>
            <fullName>Apparel</fullName>
            <default>false</default>
        </values>
        <values>
            <fullName>Banking</fullName>
            <default>false</default>
        </values>
        <values>
            <fullName>Biotechnology</fullName>
            <default>false</default>
        </values>
        <values>
            <fullName>Chemicals</fullName>
            <default>false</default>
        </values>
        <values>
            <fullName>Communications</fullName>
            <default>false</default>
        </values>
        <values>
            <fullName>Construction</fullName>
            <default>false</default>
        </values>
        <values>
            <fullName>Consulting</fullName>
            <default>false</default>
        </values>
        <values>
            <fullName>Education</fullName>
            <default>false</default>
        </values>
        <values>
            <fullName>Electronics</fullName>
            <default>false</default>
        </values>
        <values>
            <fullName>Energy</fullName>
            <default>false</default>
        </values>
        <values>
            <fullName>Engineering</fullName>
            <default>false</default>
        </values>
        <values>
            <fullName>Entertainment</fullName>
            <default>false</default>
        </values>
        <values>
            <fullName>Environmental</fullName>
            <default>false</default>
        </values>
        <values>
            <fullName>Finance</fullName>
            <default>false</default>
        </values>
        <values>
            <fullName>Food %26 Beverage</fullName>
            <default>false</default>
        </values>
        <values>
            <fullName>Government</fullName>
            <default>false</default>
        </values>
        <values>
            <fullName>Healthcare</fullName>
            <default>false</default>
        </values>
        <values>
            <fullName>Hospitality</fullName>
            <default>false</default>
        </values>
        <values>
            <fullName>Insurance</fullName>
            <default>false</default>
        </values>
        <values>
            <fullName>Machinery</fullName>
            <default>false</default>
        </values>
        <values>
            <fullName>Manufacturing</fullName>
            <default>false</default>
        </values>
        <values>
            <fullName>Media</fullName>
            <default>false</default>
        </values>
        <values>
            <fullName>Not For Profit</fullName>
            <default>false</default>
        </values>
        <values>
            <fullName>Other</fullName>
            <default>false</default>
        </values>
        <values>
            <fullName>Recreation</fullName>
            <default>false</default>
        </values>
        <values>
            <fullName>Retail</fullName>
            <default>false</default>
        </values>
        <values>
            <fullName>Shipping</fullName>
            <default>false</default>
        </values>
        <values>
            <fullName>Technology</fullName>
            <default>false</default>
        </values>
        <values>
            <fullName>Telecommunications</fullName>
            <default>false</default>
        </values>
        <values>
            <fullName>Transportation</fullName>
            <default>false</default>
        </values>
        <values>
            <fullName>Utilities</fullName>
            <default>false</default>
        </values>
    </picklistValues>
    <picklistValues>
        <picklist>Ownership</picklist>
        <values>
            <fullName>Other</fullName>
            <default>false</default>
        </values>
        <values>
            <fullName>Private</fullName>
            <default>false</default>
        </values>
        <values>
            <fullName>Public</fullName>
            <default>false</default>
        </values>
        <values>
            <fullName>Subsidiary</fullName>
            <default>false</default>
        </values>
    </picklistValues>
    <picklistValues>
        <picklist>Rating</picklist>
        <values>
            <fullName>Cold</fullName>
            <default>false</default>
        </values>
        <values>
            <fullName>Hot</fullName>
            <default>false</default>
        </values>
        <values>
            <fullName>Warm</fullName>
            <default>false</default>
        </values>
    </picklistValues>
    <picklistValues>
        <picklist>Service_Provider_Type__c</picklist>
        <values>
            <fullName>AV Consultant</fullName>
            <default>false</default>
        </values>
        <values>
            <fullName>Accounting</fullName>
            <default>false</default>
        </values>
        <values>
            <fullName>Architect</fullName>
            <default>false</default>
        </values>
        <values>
            <fullName>Art Consultant</fullName>
            <default>false</default>
        </values>
        <values>
            <fullName>Automobile Logistics</fullName>
            <default>false</default>
        </values>
        <values>
            <fullName>Aviation</fullName>
            <default>false</default>
        </values>
        <values>
            <fullName>Background Check</fullName>
            <default>false</default>
        </values>
        <values>
            <fullName>Bank</fullName>
            <default>false</default>
        </values>
        <values>
            <fullName>Cybersecurity</fullName>
            <default>false</default>
        </values>
        <values>
            <fullName>Executive Protection</fullName>
            <default>false</default>
        </values>
        <values>
            <fullName>FBO</fullName>
            <default>false</default>
        </values>
        <values>
            <fullName>FO Advisory</fullName>
            <default>false</default>
        </values>
        <values>
            <fullName>Foundation Support</fullName>
            <default>false</default>
        </values>
        <values>
            <fullName>Hotel</fullName>
            <default>false</default>
        </values>
        <values>
            <fullName>IT Network Consultant</fullName>
            <default>false</default>
        </values>
        <values>
            <fullName>Intelligence</fullName>
            <default>false</default>
        </values>
        <values>
            <fullName>Interior Design</fullName>
            <default>false</default>
        </values>
        <values>
            <fullName>Landscape Services</fullName>
            <default>false</default>
        </values>
        <values>
            <fullName>Law Firm</fullName>
            <default>false</default>
        </values>
        <values>
            <fullName>Lifestyle Concierge</fullName>
            <default>false</default>
        </values>
        <values>
            <fullName>Maritime</fullName>
            <default>false</default>
        </values>
        <values>
            <fullName>Medical</fullName>
            <default>false</default>
        </values>
        <values>
            <fullName>Money Manager %E2%80%93 MFO</fullName>
            <default>false</default>
        </values>
        <values>
            <fullName>Money Manager %E2%80%93 RIA</fullName>
            <default>false</default>
        </values>
        <values>
            <fullName>Philanthropic Advisor</fullName>
            <default>false</default>
        </values>
        <values>
            <fullName>RE Agent</fullName>
            <default>false</default>
        </values>
        <values>
            <fullName>RE Owners Rep</fullName>
            <default>false</default>
        </values>
        <values>
            <fullName>Reputation Management</fullName>
            <default>false</default>
        </values>
        <values>
            <fullName>Residential Security</fullName>
            <default>false</default>
        </values>
        <values>
            <fullName>Staffing</fullName>
            <default>false</default>
        </values>
        <values>
            <fullName>Travel Agency</fullName>
            <default>false</default>
        </values>
        <values>
            <fullName>UHNW Events</fullName>
            <default>false</default>
        </values>
    </picklistValues>
    <picklistValues>
        <picklist>Type</picklist>
        <values>
            <fullName>Analyst</fullName>
            <default>false</default>
        </values>
        <values>
            <fullName>Competitor</fullName>
            <default>false</default>
        </values>
        <values>
            <fullName>Customer</fullName>
            <default>false</default>
        </values>
        <values>
            <fullName>Integrator</fullName>
            <default>false</default>
        </values>
        <values>
            <fullName>Investor</fullName>
            <default>false</default>
        </values>
        <values>
            <fullName>Other</fullName>
            <default>false</default>
        </values>
        <values>
            <fullName>Partner</fullName>
            <default>false</default>
        </values>
        <values>
            <fullName>Press</fullName>
            <default>false</default>
        </values>
        <values>
            <fullName>Prospect</fullName>
            <default>false</default>
        </values>
        <values>
            <fullName>Reseller</fullName>
            <default>false</default>
        </values>
    </picklistValues>
    <picklistValues>
        <picklist>Vetted_by_PAS__c</picklist>
        <values>
            <fullName>In-progress</fullName>
            <default>false</default>
        </values>
        <values>
            <fullName>No</fullName>
            <default>false</default>
        </values>
        <values>
            <fullName>Yes</fullName>
            <default>false</default>
        </values>
    </picklistValues>
</RecordType>
