<?xml version="1.0" encoding="UTF-8"?>
<RecordType xmlns="http://soap.sforce.com/2006/04/metadata">
    <fullName>Candidate</fullName>
    <active>true</active>
    <compactLayoutAssignment>Candidate</compactLayoutAssignment>
    <label>Candidate</label>
    <picklistValues>
        <picklist>Applicant_Source__c</picklist>
        <values>
            <fullName>Campus Recruitment</fullName>
            <default>false</default>
        </values>
        <values>
            <fullName>Direct Application</fullName>
            <default>false</default>
        </values>
        <values>
            <fullName>Employee Referral</fullName>
            <default>false</default>
        </values>
        <values>
            <fullName>Internal Database</fullName>
            <default>false</default>
        </values>
        <values>
            <fullName>Job Board</fullName>
            <default>false</default>
        </values>
        <values>
            <fullName>Networking Event</fullName>
            <default>false</default>
        </values>
        <values>
            <fullName>Others</fullName>
            <default>false</default>
        </values>
        <values>
            <fullName>Recruitment Agency</fullName>
            <default>false</default>
        </values>
        <values>
            <fullName>Social Media</fullName>
            <default>false</default>
        </values>
    </picklistValues>
    <picklistValues>
        <picklist>Status__c</picklist>
        <values>
            <fullName>Interview Scheduled</fullName>
            <default>false</default>
        </values>
        <values>
            <fullName>New</fullName>
            <default>true</default>
        </values>
        <values>
            <fullName>Placed</fullName>
            <default>false</default>
        </values>
        <values>
            <fullName>Rejected</fullName>
            <default>false</default>
        </values>
        <values>
            <fullName>Shortlisted</fullName>
            <default>false</default>
        </values>
    </picklistValues>
    <picklistValues>
        <picklist>Type__c</picklist>
        <values>
            <fullName>Applicant</fullName>
            <default>true</default>
        </values>
        <values>
            <fullName>Candidate</fullName>
            <default>false</default>
        </values>
    </picklistValues>
    <picklistValues>
        <picklist>Workplace_Preference__c</picklist>
        <values>
            <fullName>Hybrid</fullName>
            <default>false</default>
        </values>
        <values>
            <fullName>In-Office</fullName>
            <default>false</default>
        </values>
        <values>
            <fullName>Open to Relocate</fullName>
            <default>false</default>
        </values>
        <values>
            <fullName>Remote</fullName>
            <default>false</default>
        </values>
    </picklistValues>
</RecordType>
