<?xml version="1.0" encoding="UTF-8"?>
<Flow xmlns="http://soap.sforce.com/2006/04/metadata">
    <apiVersion>57.0</apiVersion>
    <assignments>
        <name>Assign_existing_Contact_Id</name>
        <label>Assign existing Contact Id</label>
        <locationX>50</locationX>
        <locationY>647</locationY>
        <assignmentItems>
            <assignToReference>ContactId</assignToReference>
            <operator>Assign</operator>
            <value>
                <elementReference>Get_Existing_Record.Id</elementReference>
            </value>
        </assignmentItems>
        <connector>
            <targetReference>Update_Contact</targetReference>
        </connector>
    </assignments>
    <decisions>
        <name>Applicant</name>
        <label>Applicant</label>
        <locationX>1073</locationX>
        <locationY>323</locationY>
        <defaultConnectorLabel>Default Outcome</defaultConnectorLabel>
        <rules>
            <name>New_Record</name>
            <conditionLogic>and</conditionLogic>
            <conditions>
                <leftValueReference>$Record__Prior</leftValueReference>
                <operator>IsNull</operator>
                <rightValue>
                    <booleanValue>true</booleanValue>
                </rightValue>
            </conditions>
            <connector>
                <targetReference>Get_Existing_Record</targetReference>
            </connector>
            <label>New Record</label>
        </rules>
        <rules>
            <name>Updated_Record</name>
            <conditionLogic>and</conditionLogic>
            <conditions>
                <leftValueReference>$Record__Prior</leftValueReference>
                <operator>IsNull</operator>
                <rightValue>
                    <booleanValue>false</booleanValue>
                </rightValue>
            </conditions>
            <conditions>
                <leftValueReference>$Record.Email__c</leftValueReference>
                <operator>IsChanged</operator>
                <rightValue>
                    <booleanValue>true</booleanValue>
                </rightValue>
            </conditions>
            <connector>
                <targetReference>Update_Contact_on_Offer</targetReference>
            </connector>
            <label>Updated Record</label>
        </rules>
        <rules>
            <name>Create_Screening</name>
            <conditionLogic>and</conditionLogic>
            <conditions>
                <leftValueReference>$Record.RecordType.DeveloperName</leftValueReference>
                <operator>EqualTo</operator>
                <rightValue>
                    <stringValue>Applicant</stringValue>
                </rightValue>
            </conditions>
            <conditions>
                <leftValueReference>$Record.Status__c</leftValueReference>
                <operator>EqualTo</operator>
                <rightValue>
                    <stringValue>Screening</stringValue>
                </rightValue>
            </conditions>
            <connector>
                <targetReference>Screening</targetReference>
            </connector>
            <doesRequireRecordChangedToMeetCriteria>true</doesRequireRecordChangedToMeetCriteria>
            <label>Create Screening</label>
        </rules>
        <rules>
            <name>Move_as_Candidate</name>
            <conditionLogic>and</conditionLogic>
            <conditions>
                <leftValueReference>$Record.Status__c</leftValueReference>
                <operator>EqualTo</operator>
                <rightValue>
                    <stringValue>Activated</stringValue>
                </rightValue>
            </conditions>
            <conditions>
                <leftValueReference>$Record.RecordType.DeveloperName</leftValueReference>
                <operator>EqualTo</operator>
                <rightValue>
                    <stringValue>Applicant</stringValue>
                </rightValue>
            </conditions>
            <connector>
                <targetReference>CandidateRID</targetReference>
            </connector>
            <doesRequireRecordChangedToMeetCriteria>true</doesRequireRecordChangedToMeetCriteria>
            <label>Move as Candidate</label>
        </rules>
        <rules>
            <name>JO_Added1</name>
            <conditionLogic>and</conditionLogic>
            <conditions>
                <leftValueReference>$Record.RecordType.DeveloperName</leftValueReference>
                <operator>EqualTo</operator>
                <rightValue>
                    <stringValue>Candidate</stringValue>
                </rightValue>
            </conditions>
            <conditions>
                <leftValueReference>$Record.Job_Order__c</leftValueReference>
                <operator>IsChanged</operator>
                <rightValue>
                    <booleanValue>true</booleanValue>
                </rightValue>
            </conditions>
            <connector>
                <targetReference>Copy_1_of_Task_to_Recruiter</targetReference>
            </connector>
            <label>JO Added</label>
        </rules>
    </decisions>
    <decisions>
        <name>If_Existing_Found</name>
        <label>If Existing Found?</label>
        <locationX>248</locationX>
        <locationY>539</locationY>
        <defaultConnector>
            <targetReference>Last_Name_Present</targetReference>
        </defaultConnector>
        <defaultConnectorLabel>Default Outcome</defaultConnectorLabel>
        <rules>
            <name>Found</name>
            <conditionLogic>and</conditionLogic>
            <conditions>
                <leftValueReference>Get_Existing_Record</leftValueReference>
                <operator>IsNull</operator>
                <rightValue>
                    <booleanValue>false</booleanValue>
                </rightValue>
            </conditions>
            <connector>
                <targetReference>Assign_existing_Contact_Id</targetReference>
            </connector>
            <label>Found</label>
        </rules>
    </decisions>
    <decisions>
        <name>Last_Name_Present</name>
        <label>Last Name Present?</label>
        <locationX>446</locationX>
        <locationY>647</locationY>
        <defaultConnector>
            <targetReference>Create_Contact_W_O_Last_Name</targetReference>
        </defaultConnector>
        <defaultConnectorLabel>Default Outcome</defaultConnectorLabel>
        <rules>
            <name>Present</name>
            <conditionLogic>and</conditionLogic>
            <conditions>
                <leftValueReference>$Record.Last_Name__c</leftValueReference>
                <operator>IsNull</operator>
                <rightValue>
                    <booleanValue>false</booleanValue>
                </rightValue>
            </conditions>
            <connector>
                <targetReference>Create_Contact</targetReference>
            </connector>
            <label>Present</label>
        </rules>
    </decisions>
    <environments>Default</environments>
    <formulas>
        <name>FiveDays</name>
        <dataType>Date</dataType>
        <expression>{!$Flow.CurrentDate}+5</expression>
    </formulas>
    <interviewLabel>Applicant/ Candidate Actions {!$Flow.CurrentDateTime}</interviewLabel>
    <label>Job Seeker Actions</label>
    <processMetadataValues>
        <name>BuilderType</name>
        <value>
            <stringValue>LightningFlowBuilder</stringValue>
        </value>
    </processMetadataValues>
    <processMetadataValues>
        <name>CanvasMode</name>
        <value>
            <stringValue>AUTO_LAYOUT_CANVAS</stringValue>
        </value>
    </processMetadataValues>
    <processMetadataValues>
        <name>OriginBuilderType</name>
        <value>
            <stringValue>LightningFlowBuilder</stringValue>
        </value>
    </processMetadataValues>
    <processType>AutoLaunchedFlow</processType>
    <recordCreates>
        <name>Copy_1_of_Task_to_Recruiter</name>
        <label>Task to Recruiter</label>
        <locationX>1634</locationX>
        <locationY>431</locationY>
        <inputAssignments>
            <field>ActivityDate</field>
            <value>
                <elementReference>FiveDays</elementReference>
            </value>
        </inputAssignments>
        <inputAssignments>
            <field>Description</field>
            <value>
                <stringValue>Follow up with the Candidate</stringValue>
            </value>
        </inputAssignments>
        <inputAssignments>
            <field>OwnerId</field>
            <value>
                <elementReference>$Record.Recruiter__c</elementReference>
            </value>
        </inputAssignments>
        <inputAssignments>
            <field>Priority</field>
            <value>
                <stringValue>High</stringValue>
            </value>
        </inputAssignments>
        <inputAssignments>
            <field>Status</field>
            <value>
                <stringValue>Open</stringValue>
            </value>
        </inputAssignments>
        <inputAssignments>
            <field>Subject</field>
            <value>
                <stringValue>New Candidate Added for Job Order</stringValue>
            </value>
        </inputAssignments>
        <inputAssignments>
            <field>WhatId</field>
            <value>
                <elementReference>$Record.Id</elementReference>
            </value>
        </inputAssignments>
        <object>Task</object>
        <storeOutputAutomatically>true</storeOutputAutomatically>
    </recordCreates>
    <recordCreates>
        <name>Create_Contact</name>
        <label>Create Contact</label>
        <locationX>314</locationX>
        <locationY>755</locationY>
        <assignRecordIdToReference>ContactId</assignRecordIdToReference>
        <connector>
            <targetReference>Update_Contact</targetReference>
        </connector>
        <inputAssignments>
            <field>Email</field>
            <value>
                <elementReference>$Record.Email__c</elementReference>
            </value>
        </inputAssignments>
        <inputAssignments>
            <field>FirstName</field>
            <value>
                <elementReference>$Record.First_Name__c</elementReference>
            </value>
        </inputAssignments>
        <inputAssignments>
            <field>LastName</field>
            <value>
                <elementReference>$Record.Last_Name__c</elementReference>
            </value>
        </inputAssignments>
        <object>Contact</object>
    </recordCreates>
    <recordCreates>
        <name>Create_Contact_W_O_Last_Name</name>
        <label>Create Contact W/O Last Name</label>
        <locationX>578</locationX>
        <locationY>755</locationY>
        <assignRecordIdToReference>ContactId</assignRecordIdToReference>
        <connector>
            <targetReference>Update_Contact</targetReference>
        </connector>
        <inputAssignments>
            <field>Email</field>
            <value>
                <elementReference>$Record.Email__c</elementReference>
            </value>
        </inputAssignments>
        <inputAssignments>
            <field>LastName</field>
            <value>
                <elementReference>$Record.First_Name__c</elementReference>
            </value>
        </inputAssignments>
        <object>Contact</object>
    </recordCreates>
    <recordCreates>
        <name>Screening</name>
        <label>Screening</label>
        <locationX>1106</locationX>
        <locationY>431</locationY>
        <inputAssignments>
            <field>Candidate__c</field>
            <value>
                <elementReference>$Record.Id</elementReference>
            </value>
        </inputAssignments>
        <inputAssignments>
            <field>Screening_Date__c</field>
            <value>
                <elementReference>$Record.Screening_Date__c</elementReference>
            </value>
        </inputAssignments>
        <inputAssignments>
            <field>Status__c</field>
            <value>
                <stringValue>In Progress</stringValue>
            </value>
        </inputAssignments>
        <object>Screening__c</object>
        <storeOutputAutomatically>true</storeOutputAutomatically>
    </recordCreates>
    <recordLookups>
        <name>Get_Existing_Record</name>
        <label>Get Existing Record?</label>
        <locationX>248</locationX>
        <locationY>431</locationY>
        <assignNullValuesIfNoRecordsFound>false</assignNullValuesIfNoRecordsFound>
        <connector>
            <targetReference>If_Existing_Found</targetReference>
        </connector>
        <filterLogic>and</filterLogic>
        <filters>
            <field>Email</field>
            <operator>EqualTo</operator>
            <value>
                <elementReference>$Record.Email__c</elementReference>
            </value>
        </filters>
        <getFirstRecordOnly>true</getFirstRecordOnly>
        <object>Contact</object>
        <storeOutputAutomatically>true</storeOutputAutomatically>
    </recordLookups>
    <recordUpdates>
        <name>CandidateRID</name>
        <label>Candidate RID</label>
        <locationX>1370</locationX>
        <locationY>431</locationY>
        <inputAssignments>
            <field>Active__c</field>
            <value>
                <booleanValue>true</booleanValue>
            </value>
        </inputAssignments>
        <inputAssignments>
            <field>Candidate_Converted_Date__c</field>
            <value>
                <elementReference>$Flow.CurrentDate</elementReference>
            </value>
        </inputAssignments>
        <inputAssignments>
            <field>RecordTypeId</field>
            <value>
                <elementReference>$Label.Candidate_RID</elementReference>
            </value>
        </inputAssignments>
        <inputAssignments>
            <field>Status__c</field>
            <value>
                <stringValue>New</stringValue>
            </value>
        </inputAssignments>
        <inputReference>$Record</inputReference>
    </recordUpdates>
    <recordUpdates>
        <name>Update_Contact</name>
        <label>Update Contact</label>
        <locationX>248</locationX>
        <locationY>1031</locationY>
        <inputAssignments>
            <field>Contact__c</field>
            <value>
                <elementReference>ContactId</elementReference>
            </value>
        </inputAssignments>
        <inputReference>$Record</inputReference>
    </recordUpdates>
    <recordUpdates>
        <name>Update_Contact_on_Offer</name>
        <label>Update Contact on Offer</label>
        <locationX>842</locationX>
        <locationY>431</locationY>
        <filterLogic>and</filterLogic>
        <filters>
            <field>Candidate__c</field>
            <operator>EqualTo</operator>
            <value>
                <elementReference>$Record.Id</elementReference>
            </value>
        </filters>
        <inputAssignments>
            <field>Contact__c</field>
            <value>
                <elementReference>$Record.Contact__c</elementReference>
            </value>
        </inputAssignments>
        <object>Offers__c</object>
    </recordUpdates>
    <start>
        <locationX>947</locationX>
        <locationY>0</locationY>
        <connector>
            <targetReference>Applicant</targetReference>
        </connector>
        <object>Applicant__c</object>
        <recordTriggerType>CreateAndUpdate</recordTriggerType>
        <triggerType>RecordAfterSave</triggerType>
    </start>
    <status>Active</status>
    <variables>
        <name>ContactId</name>
        <dataType>String</dataType>
        <isCollection>false</isCollection>
        <isInput>false</isInput>
        <isOutput>false</isOutput>
    </variables>
</Flow>
