<?xml version="1.0" encoding="UTF-8"?>
<Flow xmlns="http://soap.sforce.com/2006/04/metadata">
    <actionCalls>
        <description>Contarct Expiration Email Alert</description>
        <name>Expiration_Alert</name>
        <label>Expiration Alert</label>
        <locationX>578</locationX>
        <locationY>384</locationY>
        <actionName>emailSimple</actionName>
        <actionType>emailSimple</actionType>
        <flowTransactionModel>CurrentTransaction</flowTransactionModel>
        <inputParameters>
            <name>emailAddressesArray</name>
            <value>
                <elementReference>ReciepientCollection</elementReference>
            </value>
        </inputParameters>
        <inputParameters>
            <name>emailSubject</name>
            <value>
                <stringValue>Contract Expiration Alert</stringValue>
            </value>
        </inputParameters>
        <inputParameters>
            <name>emailBody</name>
            <value>
                <elementReference>EmailBody</elementReference>
            </value>
        </inputParameters>
        <inputParameters>
            <name>sendRichBody</name>
            <value>
                <booleanValue>true</booleanValue>
            </value>
        </inputParameters>
        <inputParameters>
            <name>relatedRecordId</name>
            <value>
                <elementReference>$Record.Id</elementReference>
            </value>
        </inputParameters>
        <inputParameters>
            <name>logEmailOnSend</name>
            <value>
                <booleanValue>true</booleanValue>
            </value>
        </inputParameters>
    </actionCalls>
    <apiVersion>58.0</apiVersion>
    <assignments>
        <name>Reciepient_Collection</name>
        <label>ReciepientCollection</label>
        <locationX>578</locationX>
        <locationY>276</locationY>
        <assignmentItems>
            <assignToReference>ReciepientCollection</assignToReference>
            <operator>Add</operator>
            <value>
                <elementReference>$Record.Email__c</elementReference>
            </value>
        </assignmentItems>
        <assignmentItems>
            <assignToReference>ReciepientCollection</assignToReference>
            <operator>Add</operator>
            <value>
                <stringValue>dchie@paloaltostaffing.com</stringValue>
            </value>
        </assignmentItems>
        <assignmentItems>
            <assignToReference>ReciepientCollection</assignToReference>
            <operator>Add</operator>
            <value>
                <elementReference>$User.Email</elementReference>
            </value>
        </assignmentItems>
        <assignmentItems>
            <assignToReference>ReciepientCollection</assignToReference>
            <operator>Add</operator>
            <value>
                <stringValue>manisha.k@cube84.com</stringValue>
            </value>
        </assignmentItems>
        <connector>
            <targetReference>Expiration_Alert</targetReference>
        </connector>
    </assignments>
    <decisions>
        <name>Satisfies_condition</name>
        <label>Satisfies condition</label>
        <locationX>182</locationX>
        <locationY>276</locationY>
        <defaultConnector>
            <targetReference>Update_Agreement_not_required</targetReference>
        </defaultConnector>
        <defaultConnectorLabel>Default Outcome</defaultConnectorLabel>
        <rules>
            <name>Type_qualifies</name>
            <conditionLogic>or</conditionLogic>
            <conditions>
                <leftValueReference>$Record.Type</leftValueReference>
                <operator>EqualTo</operator>
                <rightValue>
                    <stringValue>Analyst</stringValue>
                </rightValue>
            </conditions>
            <conditions>
                <leftValueReference>$Record.Type</leftValueReference>
                <operator>EqualTo</operator>
                <rightValue>
                    <stringValue>Customer</stringValue>
                </rightValue>
            </conditions>
            <connector>
                <targetReference>Update_Agreement_required</targetReference>
            </connector>
            <label>Type qualifies</label>
        </rules>
    </decisions>
    <environments>Default</environments>
    <formulas>
        <name>ActivityDueDate</name>
        <dataType>Date</dataType>
        <expression>{!$Flow.CurrentDate}+3</expression>
    </formulas>
    <formulas>
        <name>DueDate</name>
        <dataType>Date</dataType>
        <expression>Today() + 3</expression>
    </formulas>
    <interviewLabel>Client Actions {!$Flow.CurrentDateTime}</interviewLabel>
    <label>Client Actions</label>
    <processMetadataValues>
        <name>BuilderType</name>
        <value>
            <stringValue>LightningFlowBuilder</stringValue>
        </value>
    </processMetadataValues>
    <processMetadataValues>
        <name>CanvasMode</name>
        <value>
            <stringValue>AUTO_LAYOUT_CANVAS</stringValue>
        </value>
    </processMetadataValues>
    <processMetadataValues>
        <name>OriginBuilderType</name>
        <value>
            <stringValue>LightningFlowBuilder</stringValue>
        </value>
    </processMetadataValues>
    <processType>AutoLaunchedFlow</processType>
    <recordCreates>
        <name>Create_Task_for_AM</name>
        <label>Create Task for AM</label>
        <locationX>50</locationX>
        <locationY>492</locationY>
        <inputAssignments>
            <field>ActivityDate</field>
            <value>
                <elementReference>ActivityDueDate</elementReference>
            </value>
        </inputAssignments>
        <inputAssignments>
            <field>OwnerId</field>
            <value>
                <elementReference>$Record.Account_Manger__c</elementReference>
            </value>
        </inputAssignments>
        <inputAssignments>
            <field>Status</field>
            <value>
                <stringValue>Open</stringValue>
            </value>
        </inputAssignments>
        <inputAssignments>
            <field>Subject</field>
            <value>
                <stringValue>Agreement Is required for this Client</stringValue>
            </value>
        </inputAssignments>
        <inputAssignments>
            <field>TaskSubtype</field>
            <value>
                <stringValue>Task</stringValue>
            </value>
        </inputAssignments>
        <inputAssignments>
            <field>WhatId</field>
            <value>
                <elementReference>$Record.Id</elementReference>
            </value>
        </inputAssignments>
        <object>Task</object>
        <storeOutputAutomatically>true</storeOutputAutomatically>
    </recordCreates>
    <recordCreates>
        <name>Quarterly_Results</name>
        <label>Quarterly Results</label>
        <locationX>842</locationX>
        <locationY>276</locationY>
        <inputAssignments>
            <field>ActivityDate</field>
            <value>
                <elementReference>DueDate</elementReference>
            </value>
        </inputAssignments>
        <inputAssignments>
            <field>Subject</field>
            <value>
                <elementReference>ScheduleMessage</elementReference>
            </value>
        </inputAssignments>
        <inputAssignments>
            <field>WhatId</field>
            <value>
                <elementReference>$Record.Id</elementReference>
            </value>
        </inputAssignments>
        <object>Task</object>
        <storeOutputAutomatically>true</storeOutputAutomatically>
    </recordCreates>
    <recordUpdates>
        <name>Update_Agreement_not_required</name>
        <label>Update Agreement not required</label>
        <locationX>314</locationX>
        <locationY>384</locationY>
        <inputAssignments>
            <field>Agreement_Required__c</field>
            <value>
                <booleanValue>false</booleanValue>
            </value>
        </inputAssignments>
        <inputReference>$Record</inputReference>
    </recordUpdates>
    <recordUpdates>
        <name>Update_Agreement_required</name>
        <label>Update Agreement required</label>
        <locationX>50</locationX>
        <locationY>384</locationY>
        <connector>
            <targetReference>Create_Task_for_AM</targetReference>
        </connector>
        <inputAssignments>
            <field>Agreement_Required__c</field>
            <value>
                <booleanValue>true</booleanValue>
            </value>
        </inputAssignments>
        <inputReference>$Record</inputReference>
    </recordUpdates>
    <start>
        <locationX>386</locationX>
        <locationY>0</locationY>
        <connector>
            <targetReference>Satisfies_condition</targetReference>
        </connector>
        <object>Account</object>
        <recordTriggerType>CreateAndUpdate</recordTriggerType>
        <scheduledPaths>
            <name>X30_Days_Before_Expiration</name>
            <connector>
                <targetReference>Reciepient_Collection</targetReference>
            </connector>
            <label>30 Days Before Expiration</label>
            <offsetNumber>-30</offsetNumber>
            <offsetUnit>Days</offsetUnit>
            <recordField>Contract_Expiration_Date__c</recordField>
            <timeSource>RecordField</timeSource>
        </scheduledPaths>
        <scheduledPaths>
            <name>Task_Created</name>
            <connector>
                <targetReference>Quarterly_Results</targetReference>
            </connector>
            <label>Task Created</label>
            <offsetNumber>3</offsetNumber>
            <offsetUnit>Months</offsetUnit>
            <recordField>CreatedDate</recordField>
            <timeSource>RecordField</timeSource>
        </scheduledPaths>
        <triggerType>RecordAfterSave</triggerType>
    </start>
    <status>Active</status>
    <textTemplates>
        <name>EmailBody</name>
        <isViewedAsPlainText>false</isViewedAsPlainText>
        <text>&lt;p&gt;Hi {!$Record.Name},&lt;/p&gt;&lt;p&gt;Your Contract is about to Expire on : {!$Record.Contract_Expiration_Date__c}&lt;/p&gt;&lt;p&gt;Please Renew to avoid disruption in Services.&lt;/p&gt;&lt;p&gt;&lt;br&gt;&lt;/p&gt;&lt;p&gt;Thanks&lt;/p&gt;&lt;p&gt;Palo Alto Staffing&lt;/p&gt;</text>
    </textTemplates>
    <variables>
        <name>ReciepientCollection</name>
        <dataType>String</dataType>
        <isCollection>true</isCollection>
        <isInput>false</isInput>
        <isOutput>false</isOutput>
    </variables>
    <variables>
        <name>ScheduleMessage</name>
        <dataType>String</dataType>
        <isCollection>false</isCollection>
        <isInput>false</isInput>
        <isOutput>false</isOutput>
        <value>
            <stringValue>Quarterly Check in </stringValue>
        </value>
    </variables>
</Flow>
