<?xml version="1.0" encoding="UTF-8"?>
<Flow xmlns="http://soap.sforce.com/2006/04/metadata">
    <apiVersion>57.0</apiVersion>
    <decisions>
        <name>JO</name>
        <label>JO</label>
        <locationX>314</locationX>
        <locationY>323</locationY>
        <defaultConnectorLabel>Default Outcome</defaultConnectorLabel>
        <rules>
            <name>Populate_AM</name>
            <conditionLogic>and</conditionLogic>
            <conditions>
                <leftValueReference>$Record__Prior</leftValueReference>
                <operator>IsNull</operator>
                <rightValue>
                    <booleanValue>true</booleanValue>
                </rightValue>
            </conditions>
            <connector>
                <targetReference>Get_AM</targetReference>
            </connector>
            <label>Populate AM</label>
        </rules>
        <rules>
            <name>Placements_Filled</name>
            <conditionLogic>and</conditionLogic>
            <conditions>
                <leftValueReference>$Record.Active_Placements__c</leftValueReference>
                <operator>EqualTo</operator>
                <rightValue>
                    <elementReference>$Record.Number_of_Openings__c</elementReference>
                </rightValue>
            </conditions>
            <connector>
                <targetReference>JO_Status</targetReference>
            </connector>
            <doesRequireRecordChangedToMeetCriteria>true</doesRequireRecordChangedToMeetCriteria>
            <label>Placements Filled</label>
        </rules>
    </decisions>
    <environments>Default</environments>
    <interviewLabel>Job Order Actions {!$Flow.CurrentDateTime}</interviewLabel>
    <label>Job Order Actions</label>
    <processMetadataValues>
        <name>BuilderType</name>
        <value>
            <stringValue>LightningFlowBuilder</stringValue>
        </value>
    </processMetadataValues>
    <processMetadataValues>
        <name>CanvasMode</name>
        <value>
            <stringValue>AUTO_LAYOUT_CANVAS</stringValue>
        </value>
    </processMetadataValues>
    <processMetadataValues>
        <name>OriginBuilderType</name>
        <value>
            <stringValue>LightningFlowBuilder</stringValue>
        </value>
    </processMetadataValues>
    <processType>AutoLaunchedFlow</processType>
    <recordUpdates>
        <name>Get_AM</name>
        <label>Get AM</label>
        <locationX>50</locationX>
        <locationY>431</locationY>
        <inputAssignments>
            <field>Account_Manger__c</field>
            <value>
                <elementReference>$Record.Company__r.Account_Manger__c</elementReference>
            </value>
        </inputAssignments>
        <inputReference>$Record</inputReference>
    </recordUpdates>
    <recordUpdates>
        <name>JO_Status</name>
        <label>JO Status</label>
        <locationX>314</locationX>
        <locationY>431</locationY>
        <connector>
            <targetReference>Update_Applicants</targetReference>
        </connector>
        <inputAssignments>
            <field>Job_Status__c</field>
            <value>
                <stringValue>Filled</stringValue>
            </value>
        </inputAssignments>
        <inputReference>$Record</inputReference>
    </recordUpdates>
    <recordUpdates>
        <name>Update_Applicants</name>
        <label>Update Applicants</label>
        <locationX>314</locationX>
        <locationY>539</locationY>
        <filterLogic>1 AND 2 AND (3 OR 4)</filterLogic>
        <filters>
            <field>RecordTypeId</field>
            <operator>EqualTo</operator>
            <value>
                <elementReference>$Label.Candidate_RID</elementReference>
            </value>
        </filters>
        <filters>
            <field>Job_Order__c</field>
            <operator>EqualTo</operator>
            <value>
                <elementReference>$Record.Id</elementReference>
            </value>
        </filters>
        <filters>
            <field>Status__c</field>
            <operator>EqualTo</operator>
            <value>
                <stringValue>Shortlisted</stringValue>
            </value>
        </filters>
        <filters>
            <field>Status__c</field>
            <operator>EqualTo</operator>
            <value>
                <stringValue>Interview Scheduled</stringValue>
            </value>
        </filters>
        <inputAssignments>
            <field>Job_Order__c</field>
            <value>
                <stringValue></stringValue>
            </value>
        </inputAssignments>
        <inputAssignments>
            <field>Status__c</field>
            <value>
                <stringValue>New</stringValue>
            </value>
        </inputAssignments>
        <inputReference>$Record.Applicants__r</inputReference>
    </recordUpdates>
    <start>
        <locationX>188</locationX>
        <locationY>0</locationY>
        <connector>
            <targetReference>JO</targetReference>
        </connector>
        <object>Job_Order__c</object>
        <recordTriggerType>CreateAndUpdate</recordTriggerType>
        <triggerType>RecordAfterSave</triggerType>
    </start>
    <status>Active</status>
</Flow>
