<?xml version="1.0" encoding="UTF-8"?>
<Flow xmlns="http://soap.sforce.com/2006/04/metadata">
    <apiVersion>58.0</apiVersion>
    <decisions>
        <name>Screening_Actions</name>
        <label>Screening Actions</label>
        <locationX>182</locationX>
        <locationY>323</locationY>
        <defaultConnectorLabel>Default Outcome</defaultConnectorLabel>
        <rules>
            <name>Passed</name>
            <conditionLogic>and</conditionLogic>
            <conditions>
                <leftValueReference>$Record.Status__c</leftValueReference>
                <operator>EqualTo</operator>
                <rightValue>
                    <stringValue>Passed</stringValue>
                </rightValue>
            </conditions>
            <connector>
                <targetReference>Update</targetReference>
            </connector>
            <doesRequireRecordChangedToMeetCriteria>true</doesRequireRecordChangedToMeetCriteria>
            <label>Passed</label>
        </rules>
    </decisions>
    <environments>Default</environments>
    <interviewLabel>Screening Actions {!$Flow.CurrentDateTime}</interviewLabel>
    <label>Screening Actions</label>
    <processMetadataValues>
        <name>BuilderType</name>
        <value>
            <stringValue>LightningFlowBuilder</stringValue>
        </value>
    </processMetadataValues>
    <processMetadataValues>
        <name>CanvasMode</name>
        <value>
            <stringValue>AUTO_LAYOUT_CANVAS</stringValue>
        </value>
    </processMetadataValues>
    <processMetadataValues>
        <name>OriginBuilderType</name>
        <value>
            <stringValue>LightningFlowBuilder</stringValue>
        </value>
    </processMetadataValues>
    <processType>AutoLaunchedFlow</processType>
    <recordUpdates>
        <name>Update</name>
        <label>Update</label>
        <locationX>50</locationX>
        <locationY>431</locationY>
        <filterLogic>and</filterLogic>
        <filters>
            <field>Id</field>
            <operator>EqualTo</operator>
            <value>
                <elementReference>$Record.Candidate__c</elementReference>
            </value>
        </filters>
        <filters>
            <field>Status__c</field>
            <operator>EqualTo</operator>
            <value>
                <stringValue>Screening</stringValue>
            </value>
        </filters>
        <inputAssignments>
            <field>Status__c</field>
            <value>
                <stringValue>Activated</stringValue>
            </value>
        </inputAssignments>
        <object>Applicant__c</object>
    </recordUpdates>
    <start>
        <locationX>56</locationX>
        <locationY>0</locationY>
        <connector>
            <targetReference>Screening_Actions</targetReference>
        </connector>
        <object>Screening__c</object>
        <recordTriggerType>CreateAndUpdate</recordTriggerType>
        <triggerType>RecordAfterSave</triggerType>
    </start>
    <status>Active</status>
</Flow>
