<?xml version="1.0" encoding="UTF-8"?>
<ListView xmlns="http://soap.sforce.com/2006/04/metadata">
    <fullName>All_Candidates_w_o_JO</fullName>
    <columns>NAME</columns>
    <columns>Active__c</columns>
    <columns>Interview_Score__c</columns>
    <columns>Desired_Position__c</columns>
    <columns>Job_Order__c</columns>
    <columns>Status__c</columns>
    <filterScope>Everything</filterScope>
    <filters>
        <field>RECORDTYPE</field>
        <operation>equals</operation>
        <value>Applicant__c.Candidate</value>
    </filters>
    <filters>
        <field>Job_Order__c</field>
        <operation>equals</operation>
    </filters>
    <label>All Candidates w/o JO</label>
</ListView>
