<?xml version="1.0" encoding="UTF-8"?>
<ListView xmlns="http://soap.sforce.com/2006/04/metadata">
    <fullName>All_Candidates</fullName>
    <columns>NAME</columns>
    <columns>Desired_Position__c</columns>
    <columns>Desired_Salary__c</columns>
    <columns>Email__c</columns>
    <columns>Experience__c</columns>
    <columns>Interview_Score__c</columns>
    <columns>Skills__c</columns>
    <filterScope>Everything</filterScope>
    <filters>
        <field>RECORDTYPE</field>
        <operation>equals</operation>
        <value>Applicant__c.Candidate</value>
    </filters>
    <label>All Candidates</label>
</ListView>
