<?xml version="1.0" encoding="UTF-8"?>
<ListView xmlns="http://soap.sforce.com/2006/04/metadata">
    <fullName>TodaysAgenda</fullName>
    <columns>START_DATE_TIME</columns>
    <columns>END_DATE_TIME</columns>
    <columns>SUBJECT</columns>
    <columns>WHO_NAME</columns>
    <columns>WHAT_NAME</columns>
    <columns>CORE.USERS.ALIAS</columns>
    <columns>ALL_DAY</columns>
    <filterScope>Mine</filterScope>
    <filters>
        <field>DUE_DATE</field>
        <operation>lessOrEqual</operation>
        <value>TODAY</value>
    </filters>
    <filters>
        <field>END_DATE</field>
        <operation>greaterOrEqual</operation>
        <value>TODAY</value>
    </filters>
    <label>Today&apos;s Agenda</label>
</ListView>
