<?xml version="1.0" encoding="UTF-8"?>
<ListView xmlns="http://soap.sforce.com/2006/04/metadata">
    <fullName>MyActiveCampaigns</fullName>
    <columns>CAMPAIGN.NAME</columns>
    <columns>CAMPAIGN.START_DATE</columns>
    <columns>CAMPAIGN.END_DATE</columns>
    <columns>CAMPAIGN.CAMPAIGN_TYPE</columns>
    <columns>CAMPAIGN.STATUS</columns>
    <filterScope>Mine</filterScope>
    <filters>
        <field>CAMPAIGN.ACTIVE</field>
        <operation>equals</operation>
        <value>1</value>
    </filters>
    <label>My Active Campaigns</label>
</ListView>
